Model,Selling Price,Kilometers Driven,Year,Owner,Fuel Type,Transmission,Car Condition,current price
250,312165.0,82238.0,2014.0,1,2,1,4.2,1374415.0
320,313799.0,30558.0,2013.0,1,1,1,4.4,1072043.0
172,295999.0,22164.0,2018.0,1,1,1,4.8,1351931.0
226,435199.0,30535.0,2013.0,1,0,1,4.3,840305.0
249,289099.0,15738.0,2013.0,1,1,1,4.3,861879.0
105,410788.0,32496.0,2013.0,1,1,1,4.4,901164.0
78,606599.0,27487.0,2015.0,1,1,1,4.6,1085975.0
187,459199.0,41383.0,2018.0,1,1,1,4.4,1485506.0
249,265899.0,65476.0,2012.0,1,2,1,4.3,1428970.0
232,426999.0,27992.0,2013.0,1,1,1,4.4,854055.0
201,671499.0,14061.0,2018.0,1,1,1,4.8,1036486.0
62,146870.0,52138.0,2007.0,3,1,1,4.0,1059766.0
173,285399.0,47168.0,2016.0,1,2,1,4.2,1142398.0
122,529699.0,72813.0,2013.0,1,2,1,4.2,1233325.0
318,424399.0,79123.0,2015.0,1,0,1,4.3,1423007.0
52,615799.0,72097.0,2016.0,1,1,0,4.4,942060.0
352,413999.0,151201.0,2014.0,1,0,1,4.3,1328230.0
150,328199.0,73356.0,2012.0,1,1,1,4.3,1295780.0
344,948899.0,14516.0,2018.0,1,1,1,4.9,868644.0
162,656399.0,34658.0,2016.0,1,0,1,4.5,1192787.0
302,100599.0,35905.0,2014.0,1,1,1,4.3,1484156.0
274,250399.0,39278.0,2016.0,2,1,1,4.2,1216954.0
174,309999.0,36245.0,2017.0,1,1,1,4.7,1254139.0
86,518099.0,61923.0,2015.0,1,1,1,4.4,762128.0
257,211799.0,39612.0,2010.0,3,1,1,4.2,1329508.0
191,332627.0,58558.0,2015.0,1,1,0,4.3,833757.0
230,477214.0,72553.0,2013.0,1,0,1,4.4,1386282.0
178,669899.0,13931.0,2018.0,1,1,1,4.9,1235635.0
237,447799.0,48780.0,2016.0,2,0,1,4.7,1074984.0
305,318699.0,86339.0,2016.0,1,1,1,4.3,1104708.0
156,840899.0,25376.0,2018.0,1,0,1,4.7,1168338.0
84,667699.0,15683.0,2017.0,1,1,0,4.8,1184696.0
224,210799.0,117838.0,2011.0,1,0,1,4.1,1122504.0
181,573999.0,28083.0,2017.0,1,1,0,4.8,1002902.0
238,315099.0,45714.0,2010.0,2,1,1,4.1,1017232.0
55,319399.0,50615.0,2011.0,1,1,1,4.4,913594.0
168,441699.0,59608.0,2012.0,1,0,1,4.1,913141.0
226,260699.0,141644.0,2012.0,1,1,1,4.2,1307625.0
320,311899.0,105493.0,2013.0,2,0,1,4.4,790703.0
151,363099.0,83767.0,2012.0,1,0,1,4.2,1027512.0
226,341399.0,61365.0,2012.0,2,0,1,4.8,991445.0
19,486599.0,87581.0,2014.0,1,1,1,4.3,1352645.0
226,292399.0,96637.0,2012.0,2,0,1,4.2,1016666.0
142,227299.0,76177.0,2012.0,1,1,1,4.9,1482311.0
47,352699.0,33953.0,2013.0,2,1,1,4.2,1056290.0
57,467199.0,89834.0,2014.0,1,0,1,4.2,818565.0
57,606099.0,83278.0,2014.0,1,0,1,4.6,1140528.0
172,180996.0,49275.0,2013.0,1,1,1,4.2,1160362.0
47,219168.0,62852.0,2012.0,2,1,1,4.1,1425159.0
160,1045899.0,47310.0,2016.0,1,0,1,4.4,1300908.0
172,332699.0,8393.0,2019.0,1,1,1,4.8,755040.0
31,282699.0,188777.0,2010.0,1,1,0,4.2,848282.0
309,671199.0,52544.0,2014.0,2,1,1,4.3,1448361.0
346,407999.0,33913.0,2014.0,1,1,1,4.2,1121932.0
217,240099.0,44432.0,2013.0,2,0,1,4.4,943400.0
174,142999.0,59096.0,2010.0,1,1,1,4.3,1223695.0
126,422699.0,82265.0,2011.0,1,1,1,4.2,1058031.0
103,418699.0,39422.0,2013.0,1,1,1,4.4,877285.0
249,345999.0,60412.0,2012.0,1,1,1,4.2,886731.0
51,313900.0,83050.0,2011.0,1,1,1,4.5,970003.0
111,195800.0,111397.0,2013.0,1,1,1,4.3,952417.0
352,301074.0,71219.0,2012.0,1,0,1,4.3,1133237.0
174,264397.0,30539.0,2015.0,1,1,1,4.5,1440009.0
240,723699.0,35067.0,2018.0,1,0,1,4.8,1379419.0
174,277499.0,64058.0,2012.0,1,1,1,4.2,882456.0
210,385699.0,54397.0,2012.0,1,0,1,4.4,1292462.0
188,347799.0,95945.0,2015.0,1,2,1,4.5,1041091.0
226,315999.0,164127.0,2012.0,1,0,1,4.5,1395843.0
137,160099.0,68478.0,2008.0,1,1,1,4.4,865307.0
93,263199.0,41513.0,2013.0,1,1,1,4.1,936845.0
174,270899.0,70973.0,2011.0,1,1,1,4.3,1081955.0
174,338699.0,27570.0,2018.0,1,1,1,4.8,858749.0
54,420999.0,42481.0,2012.0,2,1,0,4.0,1455460.0
51,410399.0,73247.0,2012.0,3,1,1,4.5,1425353.0
171,367599.0,3710.0,2020.0,1,1,1,4.9,1354455.0
352,255099.0,84630.0,2011.0,1,1,1,4.1,985833.0
180,681999.0,15615.0,2018.0,1,1,1,4.9,820675.0
232,313774.0,15248.0,2011.0,1,1,1,4.6,1077152.0
174,156499.0,45362.0,2012.0,2,1,1,4.2,1308755.0
125,521499.0,41856.0,2013.0,1,0,1,4.4,1190443.0
160,977099.0,43867.0,2016.0,1,0,1,4.7,1107112.0
148,181699.0,68656.0,2009.0,3,1,1,4.0,1199757.0
229,456299.0,173110.0,2013.0,1,2,1,4.2,953716.0
316,235499.0,114409.0,2011.0,1,0,1,4.2,1082598.0
261,348540.0,72949.0,2012.0,1,0,1,4.0,1060514.0
257,222252.0,43196.0,2010.0,2,1,1,4.0,1367328.0
174,305199.0,50294.0,2014.0,1,1,1,4.4,1294330.0
171,236300.0,102742.0,2009.0,1,1,1,4.0,1103193.0
346,283399.0,114877.0,2014.0,1,0,1,4.4,812231.0
251,424099.0,20570.0,2017.0,2,2,1,4.5,841776.0
242,779699.0,37265.0,2019.0,1,0,1,4.8,1103197.0
242,756299.0,39833.0,2019.0,1,0,1,4.3,1384723.0
35,345499.0,58944.0,2013.0,2,1,1,4.3,1031918.0
124,354799.0,119265.0,2013.0,1,1,1,4.2,1000764.0
98,443499.0,90217.0,2016.0,1,1,1,4.0,799296.0
330,787499.0,147140.0,2013.0,1,0,1,4.3,1226363.0
78,595299.0,35045.0,2017.0,1,1,1,4.6,966458.0
35,397299.0,38790.0,2014.0,1,1,1,4.5,1462734.0
172,309399.0,8105.0,2018.0,1,1,1,4.9,811034.0
151,406788.0,78618.0,2013.0,1,0,1,4.0,1492512.0
110,116766.0,63586.0,2008.0,1,1,1,4.3,1467561.0
226,406799.0,34459.0,2013.0,1,1,1,4.3,1274175.0
180,551799.0,40382.0,2017.0,2,1,1,4.6,1155145.0
11,184383.0,31153.0,2016.0,2,1,1,4.4,939372.0
45,306499.0,43469.0,2012.0,1,1,1,4.2,1345054.0
55,227399.0,148906.0,2009.0,2,1,1,3.6,1108287.0
50,910099.0,12538.0,2019.0,1,1,1,4.8,1113316.0
226,428599.0,53390.0,2013.0,1,1,1,4.7,1220696.0
105,410740.0,65299.0,2014.0,2,1,1,4.4,999155.0
172,225899.0,39630.0,2016.0,1,1,1,4.3,1122861.0
232,335199.0,70252.0,2011.0,1,1,1,4.2,1146421.0
150,221899.0,55760.0,2011.0,1,1,1,4.1,1406094.0
279,503799.0,34812.0,2015.0,1,0,1,4.3,962458.0
171,78799.0,57895.0,2007.0,2,2,1,4.2,1004455.0
150,211699.0,84826.0,2010.0,1,1,1,4.3,1239897.0
226,562599.0,31999.0,2012.0,1,1,1,4.7,931609.0
105,451699.0,13349.0,2016.0,1,1,1,4.4,1312440.0
8,325199.0,98989.0,2011.0,1,0,0,4.8,1020554.0
274,321799.0,5160.0,2018.0,1,1,1,4.9,1032502.0
245,951099.0,28572.0,2018.0,1,0,1,4.9,1224310.0
128,336099.0,75891.0,2014.0,1,1,1,4.3,782410.0
54,391499.0,113241.0,2012.0,1,1,0,4.1,1471361.0
249,343899.0,17101.0,2018.0,1,1,1,4.7,1344220.0
124,322999.0,84048.0,2012.0,1,0,1,4.4,1014167.0
17,439299.0,152554.0,2014.0,1,0,1,4.4,1010814.0
324,393660.0,97467.0,2013.0,1,0,1,4.6,1450846.0
220,196999.0,114109.0,2010.0,1,1,1,4.4,1121751.0
237,566399.0,70952.0,2015.0,1,0,1,4.7,1186696.0
230,335599.0,80394.0,2013.0,1,0,1,3.9,1443828.0
218,208199.0,56276.0,2009.0,2,1,1,4.3,1452883.0
84,588399.0,110531.0,2015.0,1,0,1,4.9,877774.0
99,345799.0,23794.0,2014.0,2,1,1,4.6,1343311.0
250,242499.0,88514.0,2015.0,2,2,1,4.4,1449284.0
51,242299.0,76901.0,2009.0,1,1,1,4.1,1346984.0
238,241699.0,103401.0,2008.0,3,1,1,4.0,1047485.0
111,288099.0,55945.0,2011.0,1,1,1,4.2,961250.0
100,303399.0,106064.0,2013.0,1,1,1,4.2,1240462.0
86,544699.0,35153.0,2016.0,1,1,1,4.9,1042970.0
232,354699.0,135829.0,2013.0,2,1,1,3.8,1410080.0
86,552899.0,58361.0,2016.0,2,2,1,4.7,1101355.0
220,294599.0,45465.0,2014.0,2,1,1,4.5,1478137.0
124,415499.0,49718.0,2013.0,1,0,1,4.3,1079864.0
208,389899.0,32883.0,2017.0,1,1,1,4.3,1457140.0
114,215599.0,82791.0,2007.0,1,1,1,4.3,819268.0
150,235699.0,71611.0,2011.0,2,1,1,4.1,1152447.0
196,491399.0,103867.0,2014.0,1,0,1,4.3,1374224.0
86,554899.0,109448.0,2016.0,1,0,1,4.5,802984.0
227,281499.0,97436.0,2010.0,1,0,1,4.2,1293219.0
169,199899.0,68714.0,2010.0,2,1,1,4.2,1422817.0
159,1117599.0,72706.0,2017.0,1,0,1,4.3,966328.0
227,193499.0,89412.0,2008.0,2,1,1,4.5,1325681.0
316,262499.0,170425.0,2011.0,1,1,1,4.2,752941.0
271,867399.0,32783.0,2017.0,1,0,1,4.4,784022.0
242,935399.0,4566.0,2019.0,1,0,1,4.9,1454813.0
202,653399.0,13492.0,2018.0,1,0,0,4.9,758392.0
188,475299.0,20324.0,2018.0,1,2,1,4.5,967044.0
210,479999.0,62769.0,2014.0,1,1,1,4.1,1253138.0
45,338799.0,29104.0,2015.0,1,1,1,4.5,1296203.0
230,333099.0,95472.0,2012.0,1,0,1,4.2,1474917.0
57,606399.0,90509.0,2015.0,1,1,1,4.3,1160884.0
226,661399.0,27055.0,2019.0,1,1,1,4.9,961611.0
217,271499.0,16061.0,2012.0,1,0,1,4.4,982046.0
283,322499.0,109457.0,2012.0,2,0,1,4.2,1361967.0
249,149181.0,62834.0,2010.0,3,2,1,4.2,754538.0
172,324399.0,3495.0,2019.0,1,1,1,4.9,790539.0
45,277599.0,23210.0,2012.0,1,1,1,4.6,1104267.0
53,731019.0,52528.0,2016.0,1,1,1,4.8,1013026.0
86,522366.0,13900.0,2016.0,1,1,1,4.9,935062.0
342,272299.0,45711.0,2010.0,1,1,1,4.5,1454460.0
182,600399.0,24274.0,2018.0,1,0,1,4.6,1248608.0
226,461122.0,60626.0,2012.0,1,1,1,4.3,896483.0
250,381699.0,29735.0,2017.0,2,2,1,4.3,1260257.0
326,472499.0,56782.0,2015.0,1,0,1,4.8,890900.0
208,343299.0,29027.0,2015.0,1,1,1,4.5,915818.0
158,404786.0,38594.0,2016.0,1,0,1,4.3,1275421.0
45,301299.0,43702.0,2013.0,3,1,1,4.2,1160474.0
226,376199.0,68628.0,2014.0,1,0,1,4.6,986323.0
211,748899.0,69604.0,2018.0,1,0,1,4.3,843546.0
346,320699.0,125435.0,2010.0,1,1,1,4.2,1045095.0
51,257599.0,85362.0,2009.0,2,1,1,4.4,1067601.0
232,282096.0,90479.0,2011.0,1,1,1,4.3,1018821.0
228,340899.0,123363.0,2014.0,2,0,1,4.2,811285.0
208,278999.0,50754.0,2014.0,1,1,1,3.8,762825.0
249,235499.0,93112.0,2010.0,1,1,1,4.5,1334024.0
91,202699.0,50877.0,2012.0,1,2,1,4.2,1371797.0
145,356499.0,68559.0,2012.0,1,0,1,4.3,1250750.0
171,156299.0,41402.0,2011.0,1,1,1,4.5,1046130.0
339,382199.0,105572.0,2012.0,2,0,1,4.4,1436823.0
105,480299.0,25338.0,2016.0,1,1,1,4.9,935228.0
93,211499.0,28323.0,2014.0,1,1,1,4.5,1221740.0
226,377899.0,111379.0,2013.0,1,1,1,4.4,861680.0
250,181999.0,153709.0,2013.0,1,2,1,4.1,821458.0
143,408899.0,22768.0,2013.0,1,1,0,4.3,1109154.0
343,424499.0,133921.0,2015.0,1,0,1,4.0,1163733.0
286,752999.0,40267.0,2017.0,1,0,1,4.9,1165156.0
268,495299.0,85369.0,2016.0,1,0,0,4.2,962043.0
159,1192799.0,23836.0,2017.0,1,0,1,4.6,1030549.0
249,346677.0,30361.0,2013.0,1,1,1,4.5,820362.0
201,583799.0,12400.0,2017.0,1,1,1,4.8,991170.0
295,1380699.0,27929.0,2018.0,1,0,0,5.0,1093924.0
217,224999.0,80575.0,2012.0,2,0,1,4.3,1236687.0
223,681399.0,42045.0,2017.0,1,0,1,4.6,1262845.0
217,212299.0,72428.0,2012.0,1,0,1,4.1,813382.0
110,145999.0,98143.0,2010.0,1,1,1,4.1,1035149.0
230,353768.0,98618.0,2012.0,1,0,1,4.3,1044635.0
217,216799.0,97984.0,2013.0,1,0,1,4.2,1052274.0
126,430799.0,51641.0,2013.0,1,1,1,4.4,1343458.0
238,504737.0,94628.0,2018.0,1,2,0,4.5,1215766.0
207,316653.0,45174.0,2015.0,1,2,1,4.7,1036957.0
312,462199.0,86288.0,2011.0,2,1,0,4.3,1195921.0
139,343199.0,11234.0,2011.0,1,1,1,4.4,960660.0
162,635099.0,36705.0,2015.0,1,0,1,4.6,1457480.0
57,726106.0,28410.0,2015.0,2,1,1,4.6,1306259.0
245,932099.0,20273.0,2019.0,1,0,1,5.0,1361866.0
248,202999.0,54572.0,2008.0,1,1,1,4.1,1153643.0
352,341799.0,87834.0,2013.0,1,0,1,4.9,910104.0
172,223399.0,33341.0,2015.0,1,1,1,4.7,1150991.0
111,193780.0,136543.0,2011.0,1,2,1,4.3,843951.0
26,231199.0,102644.0,2010.0,2,1,1,3.7,1055869.0
250,239499.0,88691.0,2012.0,2,2,1,4.4,1099674.0
164,950499.0,7961.0,2019.0,1,0,1,4.8,1329888.0
230,326199.0,57730.0,2012.0,1,0,1,4.4,1179138.0
227,384599.0,72105.0,2012.0,1,0,1,4.2,1086769.0
346,317799.0,50372.0,2011.0,2,1,1,4.2,1131708.0
58,706899.0,93031.0,2016.0,1,0,1,4.6,755291.0
144,283400.0,46121.0,2012.0,3,1,1,4.3,1091903.0
91,193582.0,57951.0,2012.0,3,1,1,3.7,1499471.0
45,306599.0,64537.0,2013.0,1,1,1,4.1,1202081.0
215,502199.0,17424.0,2017.0,1,1,0,4.8,1104776.0
352,244349.0,87793.0,2010.0,1,1,1,4.1,1144737.0
210,380599.0,81227.0,2012.0,2,0,1,4.1,1461591.0
172,332799.0,3201.0,2017.0,1,1,1,4.9,1379534.0
110,210099.0,82748.0,2009.0,2,3,1,4.0,1419462.0
111,177499.0,60908.0,2012.0,1,1,1,3.8,1368573.0
342,256399.0,63748.0,2013.0,1,1,1,4.0,861571.0
2,1608699.0,87155.0,2015.0,1,0,0,4.4,1236929.0
2,1697199.0,30500.0,2015.0,1,0,0,4.8,1007818.0
207,399799.0,72425.0,2017.0,1,2,1,4.4,1153436.0
123,377499.0,119439.0,2013.0,2,0,0,4.3,793707.0
242,598699.0,60027.0,2016.0,1,0,1,4.5,796712.0
20,544299.0,71487.0,2014.0,2,1,0,4.5,936074.0
257,214499.0,31830.0,2011.0,2,1,1,4.4,1335931.0
10,189299.0,27123.0,2014.0,1,1,1,3.5,1453372.0
226,301899.0,112723.0,2012.0,1,0,1,4.5,805942.0
32,371299.0,45940.0,2015.0,1,1,1,4.3,1447554.0
191,396899.0,25538.0,2017.0,1,1,0,4.6,881758.0
4,954099.0,104921.0,2012.0,3,0,0,4.5,798067.0
138,306799.0,31584.0,2014.0,1,1,1,4.3,1385347.0
250,324899.0,26141.0,2015.0,1,2,1,4.2,753520.0
75,931399.0,41831.0,2017.0,1,1,1,4.9,1151315.0
174,322599.0,19792.0,2017.0,2,1,1,4.8,1301593.0
20,556199.0,46594.0,2015.0,1,1,0,4.3,1489710.0
232,484799.0,39550.0,2015.0,1,1,1,4.6,867149.0
60,125199.0,188651.0,2007.0,1,1,1,4.3,883606.0
346,466699.0,45500.0,2016.0,1,1,1,4.4,1327487.0
250,479914.0,28560.0,2018.0,1,2,1,4.5,817462.0
137,149199.0,72565.0,2009.0,2,1,1,4.1,1428522.0
188,504699.0,24060.0,2019.0,1,2,1,4.7,1344697.0
151,358999.0,56549.0,2014.0,1,0,1,4.6,817351.0
152,510299.0,21100.0,2014.0,1,1,1,4.6,780690.0
150,325999.0,48219.0,2012.0,1,1,1,4.1,924211.0
142,239599.0,107693.0,2013.0,1,1,1,4.2,952764.0
247,783199.0,35989.0,2016.0,1,0,1,4.9,1493507.0
217,232999.0,68342.0,2012.0,1,0,1,4.3,928323.0
217,279799.0,104928.0,2010.0,2,0,1,3.9,834199.0
293,433399.0,84474.0,2012.0,3,1,0,4.2,820177.0
236,470799.0,61191.0,2016.0,2,1,1,4.4,901342.0
113,104289.0,124360.0,2007.0,2,1,1,4.1,1415721.0
95,391199.0,64460.0,2014.0,1,0,1,4.4,810247.0
100,372099.0,49341.0,2015.0,1,1,1,4.4,880636.0
55,657599.0,65099.0,2015.0,2,1,1,4.3,814973.0
138,279599.0,87828.0,2012.0,1,3,1,3.8,1122600.0
86,637199.0,46056.0,2017.0,1,0,1,4.7,1340658.0
0,1319868.0,176188.0,2013.0,1,0,0,4.4,992214.0
139,296899.0,63546.0,2011.0,1,1,1,4.0,1389171.0
138,330699.0,26939.0,2015.0,1,1,1,4.5,781248.0
74,801499.0,26151.0,2017.0,1,1,1,4.6,1133100.0
266,484699.0,67407.0,2015.0,1,0,1,4.5,1386406.0
226,556363.0,11784.0,2018.0,1,1,1,4.9,1015818.0
250,301599.0,121435.0,2013.0,1,2,1,3.9,1232272.0
148,275099.0,82682.0,2009.0,2,1,1,3.9,832934.0
90,237899.0,27748.0,2013.0,1,1,1,4.4,1164328.0
249,248899.0,70903.0,2010.0,2,2,1,4.3,1313994.0
232,538199.0,78713.0,2015.0,1,1,1,4.3,792338.0
232,495899.0,56518.0,2013.0,2,1,1,4.4,1275799.0
148,168099.0,119575.0,2009.0,3,1,1,4.5,1410537.0
187,479500.0,10412.0,2019.0,1,1,1,4.8,755713.0
33,330799.0,71800.0,2014.0,1,1,1,4.3,1254010.0
111,263299.0,49419.0,2011.0,2,1,1,4.3,1198549.0
27,177499.0,109104.0,2013.0,1,0,1,4.1,1030344.0
91,338999.0,3308.0,2018.0,1,1,1,4.1,980121.0
250,322321.0,43781.0,2015.0,1,2,1,4.5,1380280.0
220,420299.0,34146.0,2013.0,1,1,1,4.2,1212419.0
200,473899.0,107589.0,2015.0,1,1,1,4.2,1319010.0
81,561299.0,79445.0,2015.0,1,0,1,4.3,836624.0
86,728166.0,32307.0,2017.0,1,0,1,4.5,923723.0
7,144097.0,98452.0,2012.0,2,0,1,4.1,1273126.0
174,255299.0,38617.0,2012.0,1,1,1,4.5,1310442.0
51,259899.0,99003.0,2009.0,2,1,1,4.6,1232064.0
237,390399.0,92527.0,2015.0,1,0,1,4.3,1478894.0
84,514299.0,169453.0,2014.0,1,0,1,4.1,1426969.0
171,174699.0,34854.0,2010.0,1,1,1,4.0,1034224.0
49,266099.0,65667.0,2013.0,2,1,1,4.1,995444.0
333,926599.0,143740.0,2014.0,2,0,1,4.2,855230.0
137,180599.0,89576.0,2009.0,2,1,1,4.3,1053247.0
310,464899.0,137352.0,2011.0,1,0,1,4.2,1192451.0
210,530899.0,98137.0,2015.0,1,2,1,4.6,1304278.0
108,486299.0,41100.0,2017.0,1,0,1,4.5,824655.0
250,346799.0,56607.0,2014.0,1,2,1,4.3,1454449.0
225,131199.0,150248.0,2008.0,3,1,1,4.3,810306.0
91,204799.0,83546.0,2014.0,2,1,1,3.9,1152397.0
320,274499.0,21763.0,2011.0,1,1,1,4.7,1231724.0
228,305199.0,122165.0,2013.0,1,0,1,4.3,1164562.0
230,352499.0,46299.0,2012.0,1,0,1,4.2,938563.0
249,318079.0,18325.0,2013.0,1,1,1,4.5,885435.0
288,427799.0,63473.0,2012.0,2,0,1,4.3,1445218.0
133,228099.0,79620.0,2007.0,3,1,1,3.8,1369709.0
328,1045599.0,96301.0,2012.0,2,0,1,4.4,1141318.0
349,256099.0,42069.0,2012.0,1,1,1,4.1,765214.0
188,362199.0,123057.0,2016.0,2,2,1,4.2,1289618.0
101,413899.0,34558.0,2016.0,1,1,1,4.9,777562.0
249,267599.0,32808.0,2012.0,1,1,1,4.0,1494625.0
5,551681.0,94020.0,2008.0,1,1,0,4.2,1418250.0
230,316838.0,75435.0,2012.0,1,0,1,4.4,1008595.0
55,478699.0,40028.0,2013.0,2,1,1,4.3,862970.0
224,187199.0,9961.0,2008.0,1,1,1,4.3,1462864.0
18,440099.0,151247.0,2014.0,1,0,1,4.1,1221049.0
182,571599.0,63898.0,2016.0,1,0,1,4.5,1309599.0
55,369099.0,74017.0,2012.0,3,1,1,4.4,1154704.0
178,524399.0,76914.0,2015.0,1,1,1,4.6,946895.0
188,535599.0,9878.0,2019.0,1,2,1,4.7,795187.0
148,218799.0,86164.0,2009.0,2,1,1,4.2,1321020.0
217,344399.0,64475.0,2015.0,1,0,1,4.6,1256845.0
174,322699.0,8604.0,2018.0,1,1,1,4.9,1200940.0
217,271299.0,54237.0,2013.0,1,0,1,4.4,1144060.0
27,176499.0,108709.0,2014.0,1,0,1,4.3,1423576.0
237,373299.0,154513.0,2015.0,2,0,1,4.8,1106545.0
101,383399.0,35915.0,2015.0,1,1,1,4.4,832919.0
148,171699.0,222973.0,2010.0,1,1,1,4.2,1054652.0
238,213413.0,79169.0,2009.0,1,1,1,4.2,1183657.0
229,327699.0,59387.0,2011.0,1,1,1,4.0,1065147.0
152,253199.0,74934.0,2010.0,1,1,1,4.2,880322.0
124,498099.0,120745.0,2014.0,1,0,1,4.3,1359171.0
249,199599.0,65611.0,2011.0,2,1,1,4.0,1380101.0
55,423299.0,136859.0,2013.0,1,1,1,4.3,989463.0
179,630780.0,69278.0,2016.0,1,0,1,4.5,1400568.0
249,320699.0,70993.0,2015.0,1,1,1,4.0,1461032.0
25,141599.0,49821.0,2010.0,3,1,1,4.2,1329969.0
274,335999.0,14665.0,2019.0,1,1,1,4.4,1327051.0
184,665315.0,20333.0,2017.0,1,1,1,4.9,814985.0
144,500599.0,56580.0,2014.0,1,1,1,4.2,921131.0
39,256399.0,125008.0,2013.0,1,0,1,4.7,1043090.0
230,418499.0,107099.0,2012.0,2,0,1,4.2,755188.0
180,453299.0,90025.0,2015.0,1,1,1,4.3,1271206.0
320,344599.0,89919.0,2012.0,1,0,1,4.3,1084094.0
230,449999.0,42679.0,2013.0,1,0,1,4.6,1377307.0
230,441299.0,70192.0,2012.0,2,0,1,4.5,763742.0
210,605499.0,24825.0,2015.0,1,0,1,4.7,766247.0
226,433099.0,79144.0,2014.0,1,0,1,4.6,1421874.0
236,366699.0,73411.0,2015.0,1,1,1,4.4,824345.0
162,528099.0,50455.0,2017.0,1,0,1,4.6,1057075.0
171,173399.0,29879.0,2008.0,1,1,1,4.0,1460048.0
74,925999.0,9294.0,2019.0,1,1,1,4.9,1096524.0
152,291899.0,63467.0,2013.0,2,1,1,4.5,1299059.0
281,227999.0,64274.0,2010.0,1,1,1,4.1,1004763.0
226,388499.0,72754.0,2014.0,1,0,1,4.2,800817.0
236,109199.0,98656.0,2009.0,1,1,1,4.2,958048.0
277,301599.0,40290.0,2016.0,1,1,1,4.5,757332.0
101,335499.0,42170.0,2014.0,2,1,1,4.2,1110737.0
36,321799.0,45278.0,2013.0,2,1,1,4.2,973069.0
226,371399.0,60422.0,2013.0,2,0,1,4.1,1176244.0
139,248599.0,210904.0,2013.0,1,2,1,4.0,1074187.0
175,389703.0,23963.0,2016.0,1,2,1,4.8,1434129.0
201,691699.0,11404.0,2017.0,1,1,1,4.9,839501.0
274,379999.0,38933.0,2016.0,1,1,1,4.6,1043336.0
266,322068.0,103665.0,2013.0,1,0,1,4.4,900406.0
165,1167456.0,49189.0,2018.0,1,0,1,4.5,1089006.0
347,592599.0,59325.0,2015.0,1,0,1,4.4,1068832.0
237,429499.0,66476.0,2015.0,1,0,1,4.5,1357474.0
187,232199.0,148559.0,2015.0,1,0,1,4.3,1330500.0
142,305199.0,114748.0,2012.0,1,1,1,4.3,1121527.0
168,889799.0,84778.0,2015.0,2,0,1,4.6,1472097.0
249,250499.0,98462.0,2012.0,1,1,1,4.3,916235.0
349,206083.0,73625.0,2012.0,1,0,1,4.3,1465702.0
91,186399.0,129837.0,2013.0,1,2,1,3.8,1124237.0
40,370899.0,113188.0,2014.0,1,0,1,4.3,1140237.0
138,221199.0,33582.0,2013.0,2,1,1,4.5,1458809.0
249,310199.0,48335.0,2013.0,1,1,1,4.2,1446712.0
6,1011799.0,63035.0,2013.0,2,0,0,4.3,788181.0
126,270500.0,71292.0,2011.0,3,1,1,3.9,854645.0
237,419699.0,46856.0,2015.0,1,0,1,4.5,1044636.0
111,254899.0,20500.0,2014.0,1,2,1,4.4,825378.0
152,309599.0,78129.0,2011.0,1,1,1,4.2,932480.0
138,264950.0,57657.0,2013.0,1,1,1,3.8,897369.0
306,336599.0,125598.0,2017.0,1,0,1,4.2,879587.0
219,282599.0,45651.0,2014.0,1,1,0,4.3,1285822.0
53,861999.0,28213.0,2019.0,1,1,1,4.9,826259.0
172,274599.0,24679.0,2012.0,3,1,1,4.3,847928.0
174,214599.0,58304.0,2015.0,2,1,1,4.1,800658.0
178,556999.0,16232.0,2016.0,2,1,1,4.0,1212197.0
232,459599.0,70649.0,2015.0,1,1,1,4.9,953913.0
105,436399.0,247836.0,2016.0,1,1,1,4.6,1406975.0
232,384799.0,95093.0,2013.0,1,1,1,4.1,1248620.0
314,144099.0,98229.0,2007.0,1,1,1,4.2,1390626.0
299,657699.0,21127.0,2018.0,1,1,1,4.4,1085038.0
230,516399.0,32957.0,2014.0,1,0,1,4.4,1401256.0
73,1188855.0,108963.0,2016.0,1,0,0,4.0,974062.0
103,436499.0,6587.0,2016.0,1,1,1,4.6,1394068.0
274,304827.0,9495.0,2016.0,1,1,1,4.8,900028.0
142,199500.0,56973.0,2010.0,2,1,0,4.2,945082.0
226,281699.0,163408.0,2009.0,1,0,1,4.1,1493390.0
182,597099.0,32865.0,2016.0,1,0,1,4.6,1343448.0
249,408399.0,31796.0,2015.0,1,1,1,4.3,1428932.0
51,398999.0,75713.0,2010.0,2,2,1,4.3,1173990.0
35,552899.0,14358.0,2018.0,1,1,1,4.6,1460103.0
101,480699.0,10172.0,2017.0,1,1,1,4.8,1187146.0
13,291099.0,46437.0,2014.0,2,0,1,4.2,1351987.0
93,300799.0,26754.0,2014.0,1,1,1,4.4,1461355.0
37,409299.0,123934.0,2015.0,2,0,1,4.3,1348715.0
266,305864.0,93733.0,2013.0,2,0,1,4.3,1399435.0
230,335700.0,89383.0,2014.0,1,0,1,4.3,857165.0
171,111799.0,98526.0,2008.0,3,1,1,4.0,1075230.0
171,171299.0,13966.0,2011.0,1,1,1,4.4,1102061.0
235,246500.0,123852.0,2012.0,1,0,1,3.9,1416239.0
209,289299.0,27741.0,2018.0,1,1,1,4.4,1046479.0
226,710064.0,12889.0,2019.0,1,1,1,4.9,1456757.0
130,404099.0,92011.0,2015.0,1,1,1,4.5,1381374.0
171,133599.0,72725.0,2009.0,2,1,1,4.0,1116454.0
172,281399.0,11110.0,2017.0,1,1,1,4.7,927272.0
266,458899.0,94775.0,2014.0,1,0,1,3.9,1015053.0
129,451244.0,78612.0,2015.0,1,2,1,4.3,832934.0
266,507799.0,171979.0,2015.0,1,0,1,3.8,1084282.0
230,297299.0,160205.0,2010.0,2,0,1,4.1,1291757.0
171,206599.0,45476.0,2008.0,1,1,1,4.2,1323208.0
172,260240.0,67833.0,2015.0,2,1,1,4.2,1079772.0
93,218399.0,56350.0,2013.0,1,1,1,4.5,1107320.0
307,526099.0,25034.0,2018.0,1,1,1,4.8,1279092.0
172,299799.0,38472.0,2015.0,1,1,1,4.3,1165696.0
101,429299.0,45391.0,2016.0,1,1,1,4.6,1154379.0
154,354899.0,98304.0,2012.0,1,0,1,4.5,1005287.0
298,834599.0,1424.0,2019.0,1,1,1,4.9,1487105.0
242,584199.0,59715.0,2016.0,1,0,1,4.6,1497041.0
172,343899.0,23598.0,2016.0,1,1,1,4.9,1157911.0
111,250699.0,39601.0,2012.0,1,1,1,4.4,1126680.0
326,309199.0,52194.0,2012.0,2,0,1,4.3,1097968.0
35,631799.0,10129.0,2018.0,1,1,1,4.9,928327.0
172,254199.0,12702.0,2016.0,2,1,1,4.8,1341679.0
114,224499.0,69390.0,2007.0,2,1,1,4.0,1397864.0
211,736599.0,25046.0,2017.0,1,0,1,4.8,1175651.0
180,539599.0,27670.0,2017.0,1,1,1,4.5,1389059.0
71,169955.0,136284.0,2012.0,2,2,1,4.1,781068.0
174,320299.0,65190.0,2014.0,1,1,1,4.2,1317701.0
51,420300.0,65403.0,2011.0,1,1,1,4.8,1411913.0
25,266186.0,81196.0,2010.0,1,1,1,4.2,1134168.0
222,505399.0,85657.0,2015.0,1,0,1,4.6,1146405.0
278,384199.0,22247.0,2017.0,1,1,0,4.8,1201956.0
55,639999.0,48559.0,2014.0,1,1,1,4.3,1055885.0
45,286599.0,18255.0,2012.0,2,1,1,4.6,1400619.0
180,630899.0,10055.0,2018.0,1,1,1,4.8,949927.0
174,343999.0,11976.0,2017.0,1,1,1,4.9,1154859.0
246,898099.0,16194.0,2018.0,1,0,0,4.9,1017068.0
346,290799.0,120996.0,2013.0,1,0,1,4.7,751159.0
208,413999.0,21932.0,2017.0,1,1,1,4.4,880325.0
172,345199.0,8526.0,2016.0,1,1,1,4.7,1119139.0
37,380240.0,55490.0,2014.0,1,0,1,4.1,1466056.0
203,560999.0,42167.0,2017.0,1,1,0,4.8,906382.0
172,244180.0,66047.0,2013.0,2,1,1,4.1,1141084.0
103,374435.0,56923.0,2016.0,2,1,1,4.3,1134749.0
272,701799.0,130303.0,2016.0,1,0,0,4.2,1008638.0
151,346099.0,75654.0,2013.0,1,0,1,4.2,933006.0
105,322699.0,66962.0,2014.0,2,1,1,4.2,1105955.0
274,354229.0,9895.0,2018.0,1,1,1,4.9,1227102.0
54,418599.0,50304.0,2012.0,1,1,0,4.1,1311699.0
152,341799.0,38013.0,2012.0,1,1,1,3.8,1175410.0
165,945699.0,72363.0,2015.0,1,0,1,4.6,1075732.0
128,441599.0,40878.0,2015.0,2,1,1,4.3,1320793.0
307,378099.0,69312.0,2016.0,1,1,1,4.5,1250207.0
189,469299.0,23482.0,2016.0,1,1,0,4.7,1146608.0
81,494699.0,137913.0,2015.0,1,0,1,4.0,1443248.0
241,632999.0,37208.0,2018.0,1,1,0,4.6,993168.0
234,595399.0,58291.0,2015.0,1,1,1,4.3,862228.0
232,296500.0,40302.0,2012.0,2,1,1,4.3,904210.0
79,585299.0,18711.0,2017.0,2,1,1,4.5,1072609.0
180,503399.0,42568.0,2016.0,1,1,1,4.5,821575.0
249,166999.0,48954.0,2010.0,1,1,1,3.5,1008695.0
256,127599.0,65402.0,2007.0,2,1,1,3.8,800792.0
248,283199.0,76036.0,2010.0,2,1,1,4.4,1331911.0
174,260899.0,24013.0,2016.0,1,1,1,4.6,1089406.0
3,534399.0,63649.0,2011.0,2,0,0,4.3,784895.0
320,326356.0,133608.0,2012.0,1,0,1,4.3,816029.0
55,262499.0,80190.0,2009.0,1,1,1,4.1,1039415.0
162,513299.0,90651.0,2017.0,1,0,1,4.0,1087850.0
232,357799.0,53264.0,2012.0,1,1,1,4.0,1444981.0
257,172599.0,47307.0,2010.0,1,1,1,3.8,1337590.0
230,357799.0,121017.0,2011.0,1,0,1,4.3,1206916.0
226,391099.0,164757.0,2012.0,1,0,1,4.0,1482121.0
31,306999.0,59142.0,2008.0,1,1,0,4.3,863263.0
227,408499.0,75468.0,2013.0,1,0,1,4.5,1041413.0
230,604299.0,59826.0,2015.0,1,0,1,4.5,967133.0
174,324099.0,17712.0,2018.0,2,1,1,4.7,863935.0
171,188147.0,44132.0,2008.0,1,1,1,3.9,901751.0
188,390499.0,60850.0,2016.0,1,2,1,4.5,1003638.0
51,297099.0,114682.0,2009.0,1,1,1,4.3,1109305.0
252,383199.0,38639.0,2017.0,1,1,0,4.8,935973.0
148,287165.0,84373.0,2009.0,1,1,1,3.7,920442.0
316,308799.0,43802.0,2012.0,1,0,1,4.2,1443849.0
301,206899.0,14401.0,2015.0,3,1,0,4.7,1349411.0
104,315364.0,128627.0,2013.0,1,0,1,4.3,1019752.0
51,353999.0,83929.0,2012.0,1,1,1,4.0,1444463.0
201,729299.0,21642.0,2019.0,1,0,1,4.8,1147538.0
173,235599.0,66248.0,2014.0,1,2,1,4.3,824903.0
26,194540.0,124564.0,2011.0,1,1,1,4.2,754416.0
249,356099.0,18584.0,2013.0,1,1,1,4.3,1448563.0
101,344616.0,16316.0,2014.0,1,1,1,4.6,1165263.0
174,200699.0,33423.0,2012.0,1,1,1,4.1,1402454.0
259,1654999.0,79207.0,2016.0,1,0,1,4.6,1024117.0
226,311399.0,34524.0,2011.0,1,1,1,4.4,1404276.0
232,416099.0,83575.0,2014.0,1,1,1,4.3,1039683.0
180,604499.0,9862.0,2019.0,1,1,1,4.9,1345047.0
208,458699.0,27277.0,2019.0,1,2,1,4.7,822013.0
45,272999.0,87755.0,2012.0,1,1,1,4.0,841683.0
230,447072.0,88835.0,2014.0,1,0,1,4.3,1102699.0
277,347899.0,33732.0,2016.0,1,1,1,4.6,1360065.0
249,350799.0,53279.0,2015.0,1,1,1,4.2,909140.0
39,436299.0,70147.0,2013.0,2,0,1,4.1,1004168.0
51,241199.0,86866.0,2009.0,2,1,1,4.0,1448875.0
125,415299.0,129017.0,2011.0,1,0,1,4.2,1130429.0
55,300999.0,127472.0,2010.0,1,2,1,4.3,1051950.0
87,617799.0,62516.0,2014.0,1,0,1,4.2,911184.0
232,365999.0,117248.0,2014.0,1,1,1,4.2,756897.0
139,330799.0,26474.0,2009.0,1,1,0,4.1,1329477.0
171,160099.0,44374.0,2010.0,3,1,1,4.7,1192428.0
73,1035199.0,58298.0,2017.0,2,0,0,4.6,865831.0
172,269099.0,58283.0,2018.0,1,1,1,4.6,1026261.0
171,372799.0,13069.0,2019.0,1,1,1,4.8,950129.0
249,333999.0,39541.0,2013.0,2,1,1,4.2,1046206.0
111,286899.0,96552.0,2014.0,1,2,1,4.2,1247429.0
51,420399.0,46870.0,2012.0,3,1,1,4.1,889773.0
187,388899.0,42704.0,2016.0,1,1,1,4.9,907289.0
146,559592.0,53425.0,2015.0,1,1,1,4.5,1277714.0
342,604106.0,27276.0,2017.0,1,1,1,4.6,1472714.0
257,151899.0,45920.0,2007.0,1,1,1,4.0,905133.0
296,195299.0,150758.0,2009.0,1,0,1,4.4,821893.0
274,269639.0,36873.0,2016.0,1,1,1,4.6,1054156.0
171,111699.0,91528.0,2009.0,1,3,1,3.8,1425176.0
236,351099.0,36610.0,2015.0,1,2,1,4.5,799779.0
226,281999.0,133175.0,2011.0,1,0,1,4.2,1360031.0
342,317999.0,69745.0,2013.0,1,1,1,4.4,768807.0
171,156325.0,58267.0,2008.0,1,1,1,4.3,1352907.0
26,200628.0,35658.0,2014.0,3,1,1,4.3,1055291.0
206,317799.0,46837.0,2018.0,1,2,1,4.9,936197.0
255,361499.0,9296.0,2014.0,1,1,1,4.5,802197.0
249,233499.0,117905.0,2011.0,1,1,1,4.1,1173494.0
226,228599.0,190778.0,2009.0,2,0,1,3.9,1491934.0
141,324699.0,30532.0,2015.0,1,1,1,4.4,909526.0
21,388180.0,62253.0,2013.0,1,0,1,4.2,954276.0
232,312799.0,40055.0,2012.0,1,1,1,4.3,1354265.0
227,330099.0,90474.0,2013.0,1,0,1,4.1,866046.0
171,124299.0,39460.0,2010.0,1,1,1,4.0,991164.0
174,229499.0,25563.0,2013.0,1,1,1,4.5,1219912.0
86,554899.0,68730.0,2017.0,2,0,1,4.4,1380578.0
65,482299.0,22898.0,2015.0,1,1,1,4.5,805333.0
182,524699.0,43702.0,2016.0,1,0,1,4.7,1333158.0
290,483499.0,65919.0,2014.0,3,1,0,4.1,1493043.0
211,413099.0,91724.0,2012.0,2,0,1,4.4,809988.0
217,327999.0,54431.0,2009.0,1,1,1,4.5,1485908.0
93,194999.0,110501.0,2013.0,1,1,1,4.2,1143980.0
152,333499.0,44142.0,2011.0,3,1,1,4.2,1121202.0
226,546799.0,24093.0,2014.0,1,1,1,4.5,923680.0
98,451799.0,30537.0,2015.0,2,1,1,4.5,783265.0
117,1224699.0,1827.0,2018.0,1,1,0,4.9,1477992.0
226,313699.0,102024.0,2012.0,1,0,1,4.3,1428246.0
51,297867.0,39947.0,2010.0,1,1,1,4.5,1175592.0
266,551899.0,59607.0,2015.0,1,0,1,4.3,1465978.0
171,150299.0,57358.0,2009.0,1,1,1,4.5,986942.0
63,201208.0,61886.0,2007.0,2,1,1,4.3,817245.0
152,279899.0,107384.0,2012.0,1,1,1,4.0,963060.0
217,143099.0,86813.0,2009.0,3,1,1,4.0,988062.0
226,450358.0,29624.0,2012.0,1,1,1,4.3,872072.0
226,318199.0,80935.0,2012.0,1,0,1,4.3,1259296.0
342,443699.0,60295.0,2016.0,2,1,1,4.3,1018912.0
105,421699.0,77031.0,2016.0,1,1,1,4.4,908801.0
196,470599.0,78595.0,2015.0,1,0,1,4.5,852899.0
88,271999.0,65435.0,2012.0,1,1,1,4.3,1042168.0
152,322799.0,56736.0,2012.0,1,1,1,4.3,1261459.0
207,293399.0,44254.0,2017.0,1,2,1,4.5,1420869.0
171,189999.0,55899.0,2007.0,3,1,1,3.9,1234510.0
154,301399.0,87995.0,2012.0,3,0,1,4.4,752216.0
139,226599.0,48246.0,2011.0,1,1,1,4.2,802064.0
211,492724.0,51981.0,2013.0,1,0,1,4.3,991506.0
199,657499.0,47051.0,2018.0,1,1,1,4.5,898560.0
45,264999.0,108048.0,2012.0,1,1,1,4.4,1412748.0
110,298899.0,33828.0,2013.0,2,1,1,4.2,1026305.0
232,312699.0,148847.0,2013.0,1,1,1,4.3,1082896.0
145,377799.0,69521.0,2013.0,1,0,1,4.5,779035.0
187,451499.0,4370.0,2019.0,1,1,1,4.9,983625.0
238,748585.0,10138.0,2019.0,1,1,0,4.9,1275478.0
168,707999.0,84226.0,2014.0,1,0,1,4.3,892044.0
39,374500.0,89309.0,2014.0,1,0,1,4.0,917895.0
249,289499.0,68719.0,2013.0,1,1,1,4.3,900747.0
179,687299.0,61489.0,2017.0,1,0,1,4.5,873332.0
142,434399.0,20524.0,2013.0,1,1,1,4.5,1442519.0
159,806599.0,50968.0,2015.0,1,0,1,4.5,1253157.0
230,520399.0,75129.0,2014.0,1,0,1,4.4,915275.0
232,336999.0,50834.0,2012.0,2,1,1,4.1,950526.0
150,197799.0,85191.0,2010.0,1,1,1,4.1,1363477.0
217,313599.0,105576.0,2011.0,1,0,1,4.0,963496.0
41,393899.0,99296.0,2013.0,1,0,1,4.1,1369077.0
66,579399.0,10430.0,2016.0,2,1,0,4.0,841777.0
208,356852.0,28319.0,2017.0,2,2,1,4.6,846071.0
64,275399.0,83659.0,2011.0,1,1,1,4.3,1089900.0
226,353099.0,78289.0,2013.0,1,2,1,4.4,858804.0
41,333399.0,197997.0,2013.0,1,0,1,3.9,1489337.0
94,540762.0,11636.0,2016.0,1,1,0,4.6,1457155.0
174,267599.0,18946.0,2016.0,1,1,1,4.7,1084888.0
45,235458.0,70498.0,2013.0,1,1,1,4.3,906819.0
172,309199.0,19130.0,2017.0,1,1,1,4.8,1227778.0
47,307559.0,58581.0,2012.0,1,1,1,4.0,751342.0
51,210834.0,194040.0,2008.0,2,2,1,3.9,1475750.0
159,921499.0,24847.0,2014.0,1,0,1,4.8,1491595.0
226,437699.0,46070.0,2014.0,1,1,1,4.2,1128695.0
250,329299.0,32768.0,2014.0,1,2,1,4.6,1253654.0
172,272974.0,30871.0,2015.0,1,1,1,4.6,1033742.0
180,548199.0,26568.0,2016.0,2,1,1,4.7,1427047.0
36,343899.0,68821.0,2013.0,1,1,1,4.2,1214643.0
330,751199.0,80584.0,2014.0,1,0,1,4.4,782399.0
152,229599.0,39306.0,2010.0,1,1,1,4.1,1436946.0
226,229399.0,123493.0,2009.0,2,0,1,3.7,834684.0
188,409099.0,55037.0,2015.0,1,1,0,4.5,1395514.0
249,244506.0,60385.0,2010.0,1,1,1,4.2,880242.0
125,420499.0,74271.0,2013.0,1,0,1,4.4,763545.0
242,789304.0,32575.0,2019.0,1,0,1,4.8,1315920.0
352,252299.0,62752.0,2010.0,1,1,1,4.1,803036.0
152,252499.0,131343.0,2011.0,1,1,1,4.3,1307513.0
12,300899.0,4730.0,2017.0,1,1,1,4.9,991885.0
237,409199.0,62806.0,2015.0,1,0,1,4.2,870900.0
216,526099.0,19084.0,2017.0,2,1,0,4.6,1408063.0
257,116199.0,64268.0,2008.0,2,1,1,3.9,1044983.0
174,313199.0,24612.0,2015.0,2,1,1,4.5,1442779.0
307,402647.0,24990.0,2016.0,1,1,1,4.5,1068111.0
137,209499.0,98364.0,2009.0,2,1,1,3.9,944007.0
53,518499.0,93529.0,2014.0,2,1,1,4.2,1065402.0
56,649499.0,50552.0,2014.0,1,1,0,4.8,755894.0
174,173699.0,32089.0,2011.0,2,1,1,4.4,1398208.0
46,253499.0,32830.0,2012.0,3,1,0,4.3,1460926.0
49,423299.0,56335.0,2016.0,1,1,1,4.3,1352739.0
226,306720.0,66445.0,2012.0,1,0,1,4.2,1320453.0
187,269399.0,25807.0,2014.0,1,1,1,4.0,1128542.0
3,891599.0,67267.0,2012.0,1,0,0,4.4,1477802.0
232,364499.0,34414.0,2012.0,1,1,1,4.1,995395.0
248,294599.0,60443.0,2010.0,1,1,1,4.4,1056546.0
138,274799.0,44670.0,2015.0,3,1,1,4.4,783803.0
230,406899.0,72388.0,2014.0,1,0,1,4.3,1130301.0
342,380699.0,101779.0,2016.0,1,1,1,4.3,897450.0
208,410399.0,28457.0,2018.0,1,1,1,4.6,1271729.0
249,289399.0,68927.0,2014.0,1,1,1,4.3,992903.0
230,461599.0,38235.0,2012.0,1,0,1,4.6,938005.0
249,228099.0,93590.0,2010.0,1,1,1,4.0,1160467.0
39,296199.0,87405.0,2013.0,1,0,1,4.2,858552.0
16,409599.0,104023.0,2014.0,1,0,1,4.4,1361415.0
208,378499.0,24962.0,2017.0,2,1,1,4.7,1037433.0
95,487799.0,33243.0,2016.0,2,0,1,4.5,1369058.0
250,312289.0,78330.0,2014.0,2,2,1,4.5,1285453.0
41,318899.0,63748.0,2013.0,3,0,1,4.2,1341549.0
139,346999.0,44802.0,2013.0,2,1,1,4.3,897523.0
232,330220.0,82666.0,2012.0,1,1,1,4.2,1152176.0
230,287999.0,74785.0,2012.0,2,0,1,4.1,1412055.0
249,349899.0,30401.0,2015.0,1,1,1,4.3,1296513.0
238,464510.0,27412.0,2016.0,2,1,1,4.4,1253518.0
229,295362.0,41541.0,2012.0,1,1,1,4.5,1385833.0
249,197438.0,64370.0,2011.0,3,2,1,4.3,844840.0
243,583999.0,57304.0,2016.0,2,0,1,4.6,1053841.0
171,228499.0,6943.0,2011.0,2,1,1,4.2,799534.0
217,203068.0,48907.0,2009.0,1,1,1,4.4,1269800.0
346,327099.0,77103.0,2012.0,2,0,1,4.1,917156.0
321,282199.0,87827.0,2012.0,1,0,1,4.3,926686.0
232,297199.0,52719.0,2012.0,2,1,1,4.5,1306994.0
250,358999.0,51564.0,2015.0,1,2,1,4.3,1325042.0
51,305199.0,98697.0,2011.0,1,1,1,4.2,1419282.0
352,264999.0,48128.0,2011.0,1,1,1,4.1,1288035.0
91,315999.0,30522.0,2018.0,1,1,1,4.5,1258625.0
190,432199.0,31973.0,2018.0,1,1,1,4.5,1464824.0
274,316199.0,13865.0,2016.0,1,1,1,4.5,1290544.0
191,435299.0,34587.0,2015.0,2,1,0,4.6,1005396.0
226,366899.0,103671.0,2014.0,1,0,1,4.0,1319960.0
128,421608.0,29978.0,2015.0,1,1,1,4.2,911716.0
174,246499.0,95412.0,2015.0,1,1,1,4.1,896750.0
172,269199.0,23280.0,2018.0,1,1,1,4.7,1289904.0
180,524199.0,20092.0,2016.0,1,1,1,4.8,1138213.0
152,481199.0,61801.0,2012.0,1,1,1,4.4,1428422.0
226,528799.0,29075.0,2017.0,1,1,1,4.7,1447990.0
211,931499.0,6993.0,2018.0,1,0,1,4.6,1068457.0
188,333347.0,51639.0,2016.0,1,1,0,4.5,1231243.0
78,672599.0,11962.0,2018.0,1,1,1,4.8,1244042.0
111,258199.0,33437.0,2014.0,1,1,1,4.4,899746.0
288,353299.0,55140.0,2013.0,1,0,1,4.5,888265.0
15,423799.0,35525.0,2014.0,2,1,1,4.1,1284200.0
174,227299.0,61587.0,2012.0,1,1,1,4.4,1340774.0
139,242599.0,56697.0,2010.0,2,1,1,4.4,823115.0
354,616999.0,88336.0,2016.0,1,0,0,4.3,1078170.0
278,443999.0,17990.0,2018.0,1,1,0,4.7,1131218.0
91,248499.0,50772.0,2015.0,1,1,1,4.6,796879.0
49,317199.0,27624.0,2015.0,2,1,1,4.1,1456447.0
226,311399.0,142099.0,2012.0,1,0,1,4.4,1421656.0
327,1054799.0,172356.0,2012.0,3,0,0,4.3,1203173.0
226,294046.0,81523.0,2011.0,2,1,1,4.3,853970.0
232,364499.0,45247.0,2012.0,1,1,1,4.2,1290884.0
91,251899.0,40111.0,2015.0,3,1,1,4.3,1298386.0
221,518471.0,18966.0,2015.0,1,1,1,4.6,1147444.0
226,286199.0,137850.0,2013.0,1,0,1,4.4,898245.0
180,499799.0,45880.0,2016.0,1,1,1,4.6,1119670.0
188,444144.0,109531.0,2018.0,1,2,1,4.4,1429413.0
238,592875.0,35078.0,2017.0,1,1,1,4.4,878810.0
78,745699.0,2594.0,2018.0,1,1,1,4.9,1008249.0
110,209499.0,43520.0,2008.0,2,1,1,4.0,1240625.0
207,335193.0,52886.0,2018.0,1,2,1,4.6,1347327.0
31,291099.0,163326.0,2009.0,2,1,0,3.6,1270374.0
136,227899.0,21614.0,2013.0,2,1,1,3.9,1159920.0
267,413600.0,63803.0,2014.0,1,0,1,4.3,1447685.0
201,612699.0,4595.0,2017.0,1,1,1,4.9,1439033.0
217,160399.0,116148.0,2010.0,2,1,1,3.8,1036802.0
45,304899.0,58058.0,2014.0,1,1,1,4.3,1064249.0
273,588899.0,141346.0,2013.0,1,0,1,3.9,1114168.0
39,276799.0,74085.0,2013.0,1,0,1,4.3,1182561.0
242,743899.0,21239.0,2018.0,1,0,1,4.8,807013.0
93,217999.0,42346.0,2014.0,1,1,1,4.2,1037203.0
250,180899.0,56849.0,2012.0,3,2,1,3.7,899835.0
201,546599.0,25826.0,2018.0,1,1,1,4.6,1272759.0
152,312099.0,80781.0,2011.0,3,1,1,4.0,1153036.0
151,447399.0,51472.0,2013.0,1,0,1,4.1,1288254.0
48,474899.0,21479.0,2017.0,1,1,0,4.6,1098703.0
266,320799.0,132735.0,2013.0,1,0,1,4.2,1070326.0
208,364299.0,23627.0,2017.0,1,2,1,4.4,932734.0
212,802599.0,34489.0,2018.0,1,2,1,4.4,1450378.0
97,487199.0,12833.0,2015.0,1,1,1,4.6,1305881.0
11,245999.0,21683.0,2016.0,1,1,1,4.0,1318726.0
174,335899.0,51984.0,2014.0,1,1,1,4.1,1266077.0
277,250028.0,22568.0,2015.0,3,1,1,4.8,1045016.0
27,120299.0,161157.0,2011.0,2,0,1,4.2,837175.0
171,204399.0,57357.0,2009.0,1,1,1,4.5,1355492.0
232,481299.0,77871.0,2015.0,1,1,1,4.3,1475900.0
124,522899.0,57702.0,2014.0,2,0,1,4.3,1198316.0
78,642899.0,19113.0,2017.0,1,1,1,4.4,1172362.0
172,257899.0,47365.0,2013.0,1,1,1,4.3,1329582.0
171,131999.0,23251.0,2007.0,1,1,1,4.6,1030618.0
226,434299.0,14864.0,2015.0,1,1,1,4.4,800884.0
8,258999.0,141119.0,2011.0,1,0,0,4.2,1310853.0
310,423399.0,87557.0,2013.0,1,0,1,4.8,796805.0
214,494999.0,31925.0,2017.0,1,1,1,4.5,1394211.0
51,292999.0,143859.0,2011.0,2,1,1,4.1,1197257.0
17,576757.0,100187.0,2015.0,2,0,1,4.7,1016063.0
168,655899.0,57221.0,2013.0,1,0,1,4.2,1456567.0
237,442399.0,91280.0,2015.0,1,0,1,4.4,1305814.0
236,210151.0,52022.0,2008.0,2,1,1,4.1,911673.0
217,308399.0,77317.0,2009.0,1,1,1,3.9,973881.0
226,427499.0,106521.0,2014.0,1,0,1,4.2,783752.0
226,490499.0,74026.0,2016.0,1,0,1,4.3,996276.0
130,564599.0,13652.0,2017.0,1,1,1,4.7,1184650.0
188,327344.0,54845.0,2016.0,2,2,1,4.2,931073.0
188,323699.0,35303.0,2015.0,2,1,0,4.4,819088.0
244,575799.0,62646.0,2016.0,1,0,1,4.5,1458442.0
226,524199.0,35215.0,2015.0,2,1,1,4.4,1075280.0
100,390699.0,53151.0,2015.0,1,1,1,4.3,1416907.0
9,110599.0,36991.0,2012.0,2,1,1,3.9,1407075.0
171,186099.0,85362.0,2009.0,1,1,1,4.0,1333284.0
332,971199.0,101927.0,2014.0,1,0,1,4.6,1042309.0
316,305999.0,197898.0,2012.0,1,0,1,4.9,1259724.0
230,394685.0,46077.0,2012.0,1,0,1,4.4,951697.0
51,261699.0,84937.0,2009.0,1,1,1,4.2,1292644.0
142,240199.0,64614.0,2012.0,1,1,1,3.8,1182567.0
91,219399.0,15775.0,2014.0,2,1,1,4.4,801731.0
174,189899.0,38019.0,2012.0,1,1,1,4.5,817771.0
220,252399.0,75842.0,2013.0,2,1,1,4.0,1151964.0
140,277499.0,102521.0,2009.0,2,1,1,4.0,1252794.0
184,578999.0,27073.0,2017.0,1,1,1,4.9,1060207.0
346,374599.0,56433.0,2014.0,2,1,1,4.3,988313.0
91,343740.0,40681.0,2016.0,1,1,1,4.1,1437335.0
172,336899.0,18278.0,2017.0,1,1,1,5.0,1036686.0
171,251699.0,71021.0,2010.0,2,1,1,4.2,1414349.0
230,358199.0,87800.0,2012.0,1,0,1,4.4,1272034.0
249,209699.0,35373.0,2010.0,1,1,1,3.5,762170.0
352,274899.0,82631.0,2010.0,1,1,1,4.3,861882.0
48,386799.0,93321.0,2015.0,1,1,0,4.4,1332625.0
231,420399.0,56556.0,2014.0,1,1,0,4.0,767857.0
187,307599.0,61066.0,2014.0,2,1,1,4.4,1180747.0
26,177099.0,77145.0,2010.0,2,1,1,4.5,941565.0
316,265799.0,80949.0,2012.0,1,0,1,4.4,1099063.0
152,305999.0,62270.0,2012.0,1,1,1,3.9,954666.0
84,473199.0,61164.0,2014.0,1,0,1,4.2,820667.0
346,490199.0,33407.0,2015.0,1,1,1,4.3,1486668.0
91,214599.0,43183.0,2014.0,2,1,1,4.1,967568.0
144,335899.0,96899.0,2010.0,2,1,1,4.0,887208.0
101,398399.0,48053.0,2017.0,1,2,1,4.5,936841.0
309,614299.0,103761.0,2015.0,1,1,1,4.2,825767.0
91,242899.0,5013.0,2012.0,1,1,1,4.2,1030331.0
140,254899.0,29438.0,2010.0,1,1,1,4.2,1046436.0
91,228099.0,20229.0,2015.0,1,1,1,4.6,1395933.0
346,417099.0,45605.0,2012.0,3,1,1,4.1,1183617.0
217,239099.0,59348.0,2012.0,1,0,1,4.5,839055.0
171,91699.0,81168.0,2007.0,2,1,1,4.0,851612.0
183,430599.0,40622.0,2017.0,1,1,1,4.5,1425335.0
216,544199.0,31152.0,2017.0,1,1,0,4.9,1410973.0
335,1545999.0,38288.0,2019.0,1,0,1,4.7,1142637.0
114,133199.0,49964.0,2007.0,2,1,1,3.9,1270595.0
237,503599.0,49668.0,2015.0,1,0,1,4.5,1276597.0
110,115999.0,73791.0,2008.0,1,1,1,3.8,923336.0
64,206641.0,86489.0,2009.0,1,1,1,4.2,1387475.0
113,75299.0,133595.0,2006.0,2,1,1,3.8,750677.0
191,544999.0,14067.0,2019.0,1,1,1,4.9,1235339.0
167,627399.0,181811.0,2014.0,1,0,1,3.7,1269372.0
138,248399.0,83453.0,2012.0,1,1,1,4.0,981575.0
322,278699.0,75946.0,2012.0,1,0,1,4.5,850590.0
144,219399.0,151123.0,2010.0,1,1,1,4.4,1270824.0
44,228918.0,55430.0,2013.0,2,1,1,4.3,833694.0
140,200199.0,155505.0,2009.0,1,1,1,4.1,1049373.0
226,412499.0,42416.0,2014.0,2,1,1,4.1,1245099.0
237,571713.0,37481.0,2015.0,1,0,1,4.5,987253.0
148,332428.0,64924.0,2012.0,1,1,1,4.2,1373812.0
51,264340.0,118873.0,2009.0,1,1,1,3.9,1446222.0
20,615399.0,39090.0,2014.0,2,1,0,4.3,1416239.0
226,365244.0,74429.0,2013.0,2,0,1,4.5,853844.0
274,211099.0,22629.0,2016.0,2,1,1,4.7,1108609.0
274,308399.0,21136.0,2015.0,1,1,1,4.6,777813.0
103,378999.0,47789.0,2015.0,1,1,1,4.1,882168.0
96,376799.0,32055.0,2015.0,2,1,0,4.5,1491562.0
280,147099.0,102067.0,2010.0,3,1,1,4.2,1210391.0
346,356499.0,31922.0,2013.0,2,1,1,4.1,814726.0
241,700399.0,11903.0,2018.0,1,1,0,4.8,1144506.0
250,399499.0,73294.0,2017.0,1,2,1,4.3,1285683.0
245,757899.0,37246.0,2016.0,1,0,1,4.7,898707.0
26,126781.0,52991.0,2010.0,1,1,1,4.0,1210656.0
179,694699.0,78579.0,2017.0,1,0,1,4.4,1300998.0
249,369599.0,30435.0,2014.0,1,1,1,4.2,877288.0
152,278199.0,46859.0,2012.0,3,1,1,4.1,1253365.0
153,306399.0,47489.0,2013.0,1,0,1,4.4,895703.0
51,258699.0,107215.0,2011.0,1,1,1,4.4,756112.0
232,315899.0,137406.0,2011.0,1,1,1,3.4,1429676.0
207,322722.0,49286.0,2018.0,1,2,1,4.6,1230888.0
250,316000.0,66711.0,2012.0,2,2,1,4.2,1444165.0
188,340706.0,22743.0,2015.0,2,1,0,4.6,782551.0
353,266599.0,75120.0,2010.0,2,1,0,4.0,835781.0
249,414399.0,28315.0,2017.0,1,1,1,4.7,1084354.0
245,924799.0,11025.0,2018.0,1,0,0,3.9,1344735.0
174,172940.0,103426.0,2010.0,1,2,1,4.2,835372.0
126,561399.0,15755.0,2013.0,1,1,1,4.7,854716.0
264,420199.0,81199.0,2014.0,1,0,1,4.6,957496.0
217,270299.0,63754.0,2010.0,1,1,1,3.7,1171526.0
77,603899.0,81474.0,2016.0,2,0,1,4.8,915081.0
285,557699.0,60229.0,2015.0,1,0,0,4.3,943741.0
188,527799.0,3969.0,2019.0,2,2,1,4.8,805933.0
168,417599.0,157462.0,2012.0,1,0,1,4.0,1167508.0
249,342099.0,60223.0,2012.0,1,1,1,4.0,915467.0
230,392199.0,98400.0,2014.0,1,0,1,4.3,761348.0
101,410399.0,16182.0,2017.0,1,1,1,4.6,1389041.0
316,254299.0,92903.0,2011.0,1,2,1,4.1,1183648.0
124,539899.0,75428.0,2013.0,1,1,1,3.2,940002.0
230,322299.0,63868.0,2012.0,1,0,1,4.9,1390009.0
55,327799.0,144078.0,2011.0,1,1,1,4.3,990374.0
249,333199.0,91411.0,2014.0,1,1,1,4.0,1075842.0
55,409599.0,53106.0,2012.0,1,1,1,4.5,1388194.0
226,535565.0,49748.0,2015.0,2,1,1,4.3,811258.0
119,459599.0,68473.0,2014.0,2,0,1,4.3,1498683.0
211,455899.0,85164.0,2014.0,1,0,1,4.5,947818.0
305,417499.0,25131.0,2018.0,1,1,1,4.9,1060164.0
217,218099.0,99338.0,2011.0,1,0,1,4.0,1390643.0
227,524499.0,53702.0,2013.0,2,0,1,4.1,1081176.0
165,843199.0,121782.0,2015.0,1,0,1,4.0,878804.0
110,234799.0,24345.0,2010.0,1,1,1,4.4,1455495.0
174,289299.0,10490.0,2015.0,1,1,1,4.9,1154509.0
152,218899.0,109919.0,2011.0,2,1,1,4.1,1467911.0
226,314099.0,129639.0,2012.0,1,0,1,4.5,916035.0
242,876399.0,18175.0,2019.0,1,0,1,4.9,1055696.0
107,598875.0,15609.0,2017.0,1,1,1,4.5,771747.0
142,336326.0,33686.0,2011.0,3,1,1,4.2,954818.0
137,181299.0,58101.0,2009.0,1,1,1,4.3,1451769.0
276,292199.0,20346.0,2017.0,1,1,1,4.7,794709.0
226,572865.0,60963.0,2014.0,1,1,1,4.5,1339815.0
242,670599.0,37767.0,2016.0,1,0,1,4.9,1134224.0
139,228199.0,93885.0,2011.0,1,1,1,4.2,1292722.0
172,283699.0,18966.0,2015.0,2,1,1,4.5,761932.0
178,522080.0,85118.0,2016.0,3,1,1,4.5,1301921.0
226,606799.0,5419.0,2019.0,1,1,1,4.8,1038737.0
13,98799.0,109887.0,2010.0,2,1,1,3.6,1252184.0
250,248199.0,164707.0,2012.0,1,2,1,3.9,998689.0
212,550399.0,148319.0,2015.0,1,2,1,4.0,1105018.0
274,247499.0,52417.0,2016.0,2,1,1,4.5,1277002.0
105,405899.0,42054.0,2013.0,1,1,1,4.7,1182800.0
91,187499.0,58799.0,2012.0,1,1,1,4.2,1104069.0
109,570399.0,81971.0,2013.0,1,0,1,4.4,930763.0
174,219299.0,52660.0,2014.0,2,1,1,4.3,815760.0
93,244899.0,28625.0,2016.0,1,1,1,4.4,1099866.0
81,632999.0,37296.0,2015.0,1,0,1,4.5,853488.0
139,193399.0,181036.0,2011.0,1,1,1,4.2,1222862.0
168,489835.0,95203.0,2012.0,2,0,1,4.3,1247597.0
180,603699.0,12735.0,2019.0,1,1,1,5.0,838182.0
263,407080.0,49363.0,2014.0,1,1,1,4.3,1397304.0
135,266399.0,177197.0,2011.0,1,1,0,4.1,1169568.0
217,204999.0,104556.0,2012.0,1,0,1,4.3,1361096.0
174,286799.0,17944.0,2016.0,1,1,1,4.6,1242197.0
249,318899.0,57827.0,2015.0,1,1,1,4.4,1357384.0
87,554799.0,58001.0,2015.0,2,0,1,4.8,948600.0
184,551399.0,26026.0,2016.0,1,1,1,4.5,795923.0
224,170399.0,139476.0,2011.0,1,0,1,4.2,912300.0
265,710899.0,31536.0,2016.0,1,0,1,4.8,1256642.0
310,362899.0,105865.0,2012.0,1,0,1,4.4,1389319.0
330,845699.0,99985.0,2014.0,1,0,1,4.2,1297813.0
41,299500.0,136754.0,2013.0,1,0,1,4.1,1379227.0
277,378899.0,19900.0,2019.0,1,1,1,4.8,1400301.0
245,909899.0,28478.0,2017.0,1,0,1,4.8,770982.0
226,396599.0,86567.0,2015.0,1,0,1,4.3,1283976.0
169,178399.0,74743.0,2011.0,1,1,1,4.0,838745.0
168,700699.0,119930.0,2015.0,1,0,1,4.1,1082669.0
101,409599.0,28407.0,2017.0,1,1,1,4.6,1464812.0
226,542699.0,73784.0,2017.0,2,0,1,4.3,1486998.0
174,219599.0,70580.0,2012.0,1,1,1,4.1,1426409.0
120,619899.0,83440.0,2015.0,1,0,1,4.3,817106.0
55,898699.0,7349.0,2018.0,1,1,1,4.9,892496.0
247,672342.0,152025.0,2016.0,1,0,1,4.3,913565.0
297,172999.0,48433.0,2011.0,1,0,1,4.4,1443284.0
57,730299.0,64943.0,2015.0,1,2,1,4.3,1209273.0
245,822899.0,35381.0,2017.0,1,0,1,4.3,1477663.0
230,529199.0,87125.0,2014.0,2,0,1,4.2,1110301.0
174,316299.0,28902.0,2018.0,1,1,1,4.4,1472698.0
230,311199.0,82065.0,2013.0,1,0,1,4.2,1312728.0
352,367099.0,27821.0,2013.0,1,0,1,4.3,1454979.0
51,293776.0,89227.0,2011.0,2,1,1,4.3,795544.0
226,459199.0,143871.0,2014.0,1,0,1,4.6,1167310.0
172,278599.0,31490.0,2014.0,1,1,1,4.7,1350935.0
78,588299.0,37486.0,2015.0,1,1,1,4.6,1417951.0
249,243999.0,38140.0,2011.0,1,1,1,4.0,1473677.0
249,266999.0,22264.0,2012.0,1,1,1,4.6,1391618.0
150,343699.0,59210.0,2011.0,1,1,1,4.4,1445741.0
118,399899.0,47365.0,2012.0,1,0,1,4.4,937057.0
310,764599.0,85321.0,2015.0,2,0,1,4.5,1138304.0
289,294699.0,206123.0,2013.0,1,0,1,4.0,1127330.0
230,299699.0,84008.0,2010.0,2,0,1,4.2,1394971.0
239,511399.0,27809.0,2017.0,1,1,1,4.6,1337838.0
136,197299.0,61850.0,2012.0,1,1,1,4.3,1372846.0
297,181500.0,71644.0,2012.0,3,0,1,3.9,1450510.0
302,91699.0,50007.0,2014.0,1,1,1,4.5,805890.0
132,342599.0,64289.0,2014.0,1,0,1,4.4,915182.0
227,531399.0,52373.0,2012.0,1,0,1,4.1,1214557.0
226,208243.0,55257.0,2010.0,2,1,1,3.9,818981.0
242,592899.0,61003.0,2016.0,2,0,1,4.6,1143541.0
124,392099.0,106211.0,2013.0,1,1,1,4.3,1020957.0
328,1057482.0,138612.0,2012.0,2,0,1,4.4,803510.0
327,1409199.0,99050.0,2014.0,2,0,0,4.5,1281023.0
249,373399.0,15192.0,2018.0,1,1,1,4.8,1454572.0
226,363799.0,85199.0,2014.0,1,0,1,4.4,1376998.0
352,424399.0,116410.0,2013.0,1,0,1,4.2,908339.0
172,259699.0,70424.0,2013.0,2,1,1,4.1,1167738.0
174,159299.0,39038.0,2012.0,2,1,1,4.3,1464461.0
169,199499.0,61576.0,2009.0,2,1,1,3.7,1279857.0
145,413326.0,28588.0,2012.0,2,0,1,4.4,784587.0
355,261299.0,85190.0,2011.0,1,1,1,4.1,1353364.0
342,365299.0,56244.0,2013.0,3,0,1,3.9,1414115.0
40,408099.0,54624.0,2014.0,1,0,1,4.3,1391716.0
217,234399.0,100995.0,2012.0,1,0,1,4.4,1036572.0
141,322699.0,44774.0,2014.0,1,1,1,4.2,1169107.0
45,253199.0,70054.0,2014.0,2,1,1,4.3,1006601.0
226,356899.0,39124.0,2013.0,1,0,1,4.3,950791.0
208,438399.0,17082.0,2020.0,1,1,1,4.6,1056869.0
91,300699.0,12238.0,2017.0,2,1,1,4.4,1337708.0
70,653099.0,37486.0,2017.0,1,1,1,4.7,1105913.0
344,952999.0,13259.0,2018.0,1,1,1,4.9,823413.0
172,339904.0,17644.0,2019.0,1,1,1,4.9,1167338.0
45,285199.0,71493.0,2012.0,1,1,1,4.3,1281951.0
133,113799.0,67213.0,2008.0,1,1,1,4.0,957725.0
152,452199.0,81608.0,2014.0,1,1,1,4.1,878133.0
178,648299.0,19619.0,2017.0,2,1,1,4.7,986754.0
237,544999.0,63435.0,2015.0,1,0,1,4.6,1484413.0
174,256999.0,59253.0,2012.0,1,1,1,4.1,1363524.0
124,403399.0,68242.0,2013.0,3,1,1,4.3,971064.0
249,228199.0,70430.0,2013.0,2,1,1,4.5,901563.0
81,499499.0,43627.0,2014.0,1,0,1,4.5,1156611.0
39,437099.0,50967.0,2015.0,1,0,1,4.7,1435011.0
226,338436.0,141954.0,2012.0,1,0,1,3.9,998097.0
161,453932.0,104541.0,2014.0,1,0,1,4.2,1310627.0
310,331799.0,168801.0,2011.0,1,0,1,4.3,1474317.0
26,261499.0,42273.0,2011.0,1,1,1,3.8,1078294.0
226,432499.0,56865.0,2016.0,2,1,1,4.5,1310580.0
55,237399.0,52532.0,2009.0,3,1,1,4.0,1120630.0
152,351099.0,58219.0,2012.0,2,1,1,3.9,1110481.0
55,279592.0,63022.0,2011.0,2,1,1,4.3,796348.0
352,384899.0,34436.0,2013.0,2,1,1,4.4,1173232.0
49,361699.0,70915.0,2014.0,1,1,1,4.0,771237.0
240,571899.0,84237.0,2018.0,1,0,0,4.5,1180614.0
250,345799.0,56771.0,2016.0,1,2,1,4.3,766900.0
173,309934.0,34760.0,2016.0,2,2,1,4.5,1132723.0
250,361899.0,65990.0,2016.0,2,2,1,4.4,787961.0
18,369299.0,132779.0,2013.0,1,0,1,3.9,868808.0
195,844499.0,7712.0,2018.0,1,0,1,4.9,1342534.0
104,425799.0,70775.0,2015.0,1,0,1,3.8,1454108.0
174,382399.0,30028.0,2018.0,1,1,1,4.5,1275755.0
180,549299.0,16906.0,2016.0,1,1,1,4.8,1140885.0
197,723499.0,58511.0,2017.0,1,0,1,4.8,770101.0
167,453999.0,99893.0,2013.0,1,0,1,4.4,1228056.0
102,493965.0,12681.0,2018.0,1,1,0,4.8,1299815.0
257,182299.0,32985.0,2010.0,1,1,1,4.3,1215252.0
142,305899.0,59218.0,2012.0,1,1,1,4.1,1436222.0
321,323599.0,176674.0,2014.0,2,0,1,4.4,1390610.0
191,352399.0,37296.0,2014.0,1,1,1,4.6,1497467.0
145,336299.0,86415.0,2012.0,1,0,1,4.2,800376.0
226,391599.0,65847.0,2015.0,1,1,1,4.3,1150828.0
347,496799.0,66126.0,2015.0,1,0,1,4.2,1041016.0
171,175999.0,34429.0,2011.0,1,1,1,4.2,1156287.0
174,330999.0,22610.0,2014.0,1,1,1,4.9,1453645.0
245,790899.0,22620.0,2018.0,1,0,0,4.9,1479196.0
167,575599.0,141528.0,2014.0,2,0,1,4.0,925841.0
236,149899.0,48448.0,2007.0,2,1,1,4.1,1194983.0
105,327699.0,53642.0,2013.0,1,1,1,4.3,1402406.0
293,351799.0,76434.0,2012.0,2,1,1,3.9,1421845.0
55,720399.0,38614.0,2015.0,1,1,1,4.6,1461364.0
237,451799.0,119742.0,2015.0,2,0,1,4.3,1372902.0
139,281599.0,28790.0,2010.0,1,1,1,4.2,798898.0
93,249899.0,25276.0,2013.0,2,1,1,3.9,1016892.0
174,292199.0,18998.0,2016.0,2,1,1,4.5,1197316.0
162,762399.0,32394.0,2017.0,1,0,1,4.5,1392529.0
101,377899.0,91814.0,2015.0,1,1,1,4.3,1479953.0
208,388799.0,111610.0,2018.0,1,2,1,4.1,970793.0
249,317299.0,115055.0,2013.0,2,1,1,4.2,750777.0
209,274500.0,28559.0,2013.0,1,1,1,4.2,1445286.0
249,338599.0,59887.0,2013.0,1,1,1,4.4,1070235.0
319,328799.0,82778.0,2013.0,1,0,1,4.4,847954.0
226,318299.0,136700.0,2012.0,1,0,1,4.2,884318.0
42,710799.0,21706.0,2017.0,1,1,1,4.4,854420.0
173,358399.0,81291.0,2017.0,1,2,1,4.7,1037758.0
227,492799.0,66761.0,2012.0,2,0,1,4.2,1372941.0
227,342299.0,56620.0,2013.0,1,0,1,4.4,878564.0
201,655442.0,9562.0,2017.0,2,1,1,4.9,795105.0
103,454799.0,46242.0,2016.0,1,1,1,4.7,820634.0
274,275399.0,8656.0,2017.0,1,1,1,4.9,990277.0
277,425699.0,7343.0,2019.0,1,1,1,4.9,1237021.0
139,279399.0,63995.0,2012.0,1,1,1,4.0,1459723.0
152,341199.0,47294.0,2013.0,2,1,1,4.3,862202.0
148,179499.0,78770.0,2009.0,1,1,1,4.1,832803.0
143,283599.0,47790.0,2012.0,3,1,0,4.3,1116126.0
171,170599.0,32234.0,2012.0,1,1,1,4.3,1444620.0
172,224899.0,25478.0,2013.0,1,1,1,4.6,1173668.0
68,447399.0,88157.0,2014.0,2,1,1,4.2,1304405.0
328,814299.0,83299.0,2011.0,2,0,1,4.1,1169870.0
220,456999.0,52410.0,2014.0,1,1,1,4.2,1411965.0
249,290699.0,43966.0,2014.0,2,1,1,4.5,980490.0
172,221399.0,30506.0,2012.0,1,1,1,4.1,824040.0
45,320912.0,84765.0,2014.0,1,1,1,4.3,1485464.0
172,279499.0,48279.0,2015.0,1,1,1,4.6,1036078.0
154,282199.0,93484.0,2011.0,1,0,1,4.1,849545.0
168,462542.0,100097.0,2013.0,3,0,1,3.9,1421152.0
171,229799.0,28345.0,2010.0,1,1,1,4.3,1345483.0
66,435399.0,84427.0,2016.0,1,1,1,4.5,1201923.0
226,477399.0,22607.0,2015.0,1,1,1,4.7,833128.0
224,323699.0,96436.0,2011.0,1,0,1,4.1,811876.0
227,168099.0,63396.0,2008.0,1,1,1,4.0,1472422.0
39,321799.0,80701.0,2013.0,1,0,1,4.4,881001.0
217,195899.0,168605.0,2011.0,1,0,1,3.8,1465448.0
136,327499.0,23707.0,2012.0,1,1,1,4.4,823557.0
180,565599.0,15272.0,2017.0,1,1,1,4.6,1038925.0
217,200299.0,56902.0,2011.0,2,0,1,4.2,1269376.0
237,564399.0,45203.0,2017.0,1,0,1,4.1,1453586.0
275,315799.0,32036.0,2017.0,1,1,1,4.7,1128705.0
230,392199.0,126440.0,2015.0,1,0,1,4.5,872236.0
274,174461.0,90197.0,2016.0,2,2,1,4.2,772675.0
249,198399.0,80357.0,2010.0,1,1,1,4.5,1275668.0
329,652519.0,69047.0,2013.0,1,0,1,4.5,1160189.0
90,189799.0,40570.0,2014.0,1,1,1,4.0,825028.0
217,225120.0,91250.0,2011.0,2,0,1,4.2,1290079.0
167,517199.0,57525.0,2014.0,1,0,1,4.2,1335215.0
210,468380.0,135793.0,2013.0,1,0,1,4.2,1236089.0
172,297999.0,60362.0,2018.0,2,1,1,4.4,847457.0
226,383399.0,83580.0,2014.0,1,0,1,4.8,868345.0
124,397099.0,61895.0,2013.0,1,0,1,4.1,1068274.0
108,412999.0,38023.0,2017.0,1,0,1,4.8,991463.0
232,403999.0,63385.0,2013.0,1,1,1,4.5,1044088.0
180,550399.0,33603.0,2016.0,1,1,1,4.4,1277440.0
139,254699.0,33734.0,2011.0,2,1,1,4.2,1111297.0
110,182811.0,40542.0,2008.0,3,1,1,4.0,1323633.0
137,202499.0,36942.0,2010.0,2,1,1,4.6,1483223.0
124,476499.0,115055.0,2013.0,1,0,1,4.2,1102076.0
224,186699.0,155467.0,2011.0,1,0,1,4.2,829712.0
316,331599.0,121820.0,2012.0,1,0,1,4.0,1041388.0
277,264899.0,23757.0,2015.0,1,1,1,4.1,1166651.0
55,483999.0,45103.0,2012.0,2,1,1,4.2,786341.0
49,394899.0,1774.0,2014.0,1,1,1,4.2,1056258.0
237,442799.0,52490.0,2015.0,1,0,1,4.3,1386387.0
150,303999.0,50918.0,2012.0,1,1,1,4.3,958653.0
27,292699.0,66600.0,2012.0,2,0,1,4.1,1344998.0
136,277399.0,65231.0,2010.0,2,1,1,4.0,1024517.0
194,696899.0,83592.0,2017.0,1,0,1,4.2,1266229.0
148,245199.0,34599.0,2010.0,1,1,1,4.3,1208773.0
45,289699.0,32152.0,2014.0,2,1,1,4.6,1170297.0
55,369700.0,138073.0,2012.0,1,1,1,4.2,1374328.0
227,368595.0,106300.0,2013.0,1,0,1,4.7,799072.0
168,795699.0,42214.0,2015.0,1,0,1,4.4,1248659.0
227,222799.0,55169.0,2010.0,1,1,1,4.3,1250903.0
313,118999.0,131267.0,2008.0,3,1,1,3.9,965637.0
111,286533.0,77358.0,2014.0,1,2,1,4.5,1352698.0
174,263625.0,67346.0,2012.0,1,1,1,4.4,946070.0
188,407092.0,17382.0,2014.0,1,1,0,4.9,1103382.0
144,343399.0,24598.0,2012.0,1,1,1,4.3,1407227.0
139,387599.0,63082.0,2013.0,1,1,1,4.5,1333374.0
26,148899.0,44624.0,2010.0,1,1,1,4.4,1077415.0
172,242899.0,36483.0,2013.0,1,1,1,4.3,1238049.0
124,537599.0,54675.0,2013.0,2,1,1,4.2,766430.0
141,297699.0,36271.0,2014.0,1,2,1,4.1,1473880.0
55,705899.0,58561.0,2017.0,2,1,1,4.7,1401298.0
172,213426.0,65775.0,2013.0,2,1,1,4.5,805947.0
226,200899.0,121591.0,2010.0,1,1,1,4.1,1394121.0
171,170036.0,84335.0,2008.0,1,1,1,3.9,1055495.0
232,379699.0,46846.0,2012.0,1,1,1,4.2,1120948.0
136,339199.0,22030.0,2012.0,1,1,1,3.8,1144418.0
159,1563499.0,6184.0,2020.0,1,0,1,4.9,767620.0
45,299999.0,52789.0,2012.0,1,1,1,4.3,1140690.0
249,219599.0,65475.0,2012.0,1,1,1,4.3,1286022.0
150,293699.0,84927.0,2011.0,1,1,1,4.3,1103733.0
45,279899.0,55782.0,2012.0,2,1,1,4.1,1442118.0
224,207199.0,121434.0,2012.0,1,0,1,4.1,1164381.0
354,577499.0,78609.0,2015.0,1,0,0,4.2,1048330.0
174,395399.0,28261.0,2017.0,1,1,1,4.6,805765.0
134,308899.0,75789.0,2013.0,2,1,1,4.4,811410.0
226,383299.0,49117.0,2013.0,1,0,1,4.5,1083723.0
26,224999.0,92076.0,2013.0,1,1,1,4.2,1001673.0
180,557499.0,22676.0,2018.0,1,1,1,4.6,1147798.0
226,420099.0,64839.0,2013.0,2,0,1,4.3,1453699.0
354,613299.0,65828.0,2015.0,1,0,0,4.5,977041.0
17,534199.0,80990.0,2014.0,2,0,1,4.2,1270437.0
257,201799.0,54603.0,2009.0,1,1,1,4.4,1305658.0
40,286499.0,75678.0,2014.0,2,0,1,4.2,905551.0
167,605899.0,98755.0,2013.0,1,0,1,4.5,856524.0
57,827599.0,17206.0,2017.0,1,1,1,4.9,1221662.0
227,486699.0,69157.0,2013.0,1,0,1,4.4,898382.0
250,286999.0,227458.0,2013.0,1,2,1,4.0,928558.0
249,408299.0,43955.0,2014.0,1,1,1,4.1,1433043.0
149,399499.0,81344.0,2013.0,2,0,1,4.5,1158721.0
217,303399.0,36162.0,2013.0,1,0,1,4.5,1198664.0
220,182037.0,67572.0,2011.0,1,1,1,4.3,1143695.0
217,362699.0,95739.0,2012.0,1,0,1,4.1,1152369.0
51,183799.0,176404.0,2008.0,1,1,1,4.1,1455622.0
226,294399.0,113003.0,2012.0,1,0,1,4.2,907197.0
57,728599.0,26809.0,2016.0,1,1,1,4.6,833583.0
220,339499.0,50103.0,2011.0,1,1,1,4.4,1315074.0
156,733899.0,56815.0,2017.0,1,0,1,4.7,1052779.0
47,311999.0,57282.0,2013.0,1,1,1,4.4,1335971.0
354,867599.0,34969.0,2017.0,2,0,0,4.8,782660.0
320,326899.0,116324.0,2014.0,1,0,1,4.4,1163940.0
263,177099.0,131320.0,2012.0,1,0,1,4.2,752098.0
235,315299.0,39099.0,2012.0,1,0,1,4.3,1147045.0
142,345799.0,37127.0,2010.0,1,1,1,4.5,1014144.0
139,211699.0,89090.0,2011.0,1,1,1,4.2,985609.0
270,819999.0,67447.0,2019.0,1,0,1,4.5,821912.0
137,201699.0,39351.0,2010.0,2,1,1,4.3,1291610.0
55,683899.0,32790.0,2014.0,1,1,1,4.4,1104134.0
230,321199.0,81509.0,2012.0,1,0,1,4.3,1448386.0
187,356199.0,18805.0,2017.0,1,1,1,4.6,758057.0
171,118499.0,127175.0,2009.0,2,2,1,3.8,1307028.0
320,263599.0,160408.0,2012.0,1,0,1,4.5,813449.0
230,314599.0,77954.0,2012.0,2,0,1,4.2,1249203.0
150,286599.0,66721.0,2011.0,1,1,1,4.3,1252297.0
226,319199.0,90030.0,2013.0,1,0,1,4.3,925569.0
232,531299.0,39309.0,2015.0,1,1,1,4.3,1014434.0
303,475199.0,36731.0,2017.0,1,1,1,4.8,943212.0
17,531499.0,97654.0,2014.0,1,0,1,3.7,1283217.0
101,309299.0,51461.0,2014.0,1,1,1,4.4,845260.0
328,873802.0,126624.0,2009.0,3,0,1,4.1,818291.0
278,327499.0,50387.0,2017.0,1,1,0,4.3,1132781.0
352,415670.0,113856.0,2013.0,2,1,1,4.3,1415116.0
266,544699.0,64727.0,2016.0,1,0,1,4.3,1411535.0
172,220999.0,72273.0,2013.0,1,2,1,4.3,1193941.0
112,282899.0,54368.0,2011.0,1,3,1,4.3,1443897.0
174,182499.0,28140.0,2011.0,2,1,1,4.1,1369791.0
103,463299.0,9307.0,2015.0,1,1,1,4.8,1111960.0
241,154799.0,72230.0,2008.0,1,1,1,3.8,1155104.0
340,308899.0,133425.0,2011.0,1,0,1,4.2,1163669.0
217,348699.0,146452.0,2014.0,1,0,1,4.0,764205.0
3,1553699.0,59109.0,2015.0,1,0,0,4.7,1208708.0
114,199599.0,104893.0,2007.0,1,1,1,3.8,1387255.0
211,495266.0,39203.0,2013.0,1,0,1,4.6,947951.0
77,643599.0,54914.0,2017.0,1,0,1,4.5,1233480.0
231,175899.0,79096.0,2008.0,1,1,1,4.2,1413780.0
70,691899.0,16683.0,2017.0,1,1,1,4.7,1259950.0
276,261599.0,54717.0,2016.0,2,1,1,4.3,1330425.0
121,386799.0,95050.0,2013.0,3,0,0,4.3,1332670.0
249,269299.0,94507.0,2013.0,1,1,1,4.1,998787.0
152,384799.0,61842.0,2013.0,1,1,1,4.3,818922.0
150,318736.0,33023.0,2013.0,1,1,1,4.4,918000.0
258,608699.0,32376.0,2010.0,2,1,1,4.0,1055710.0
174,178299.0,128065.0,2011.0,1,1,1,4.3,769901.0
352,251899.0,80466.0,2011.0,1,1,1,4.2,799182.0
249,346299.0,6863.0,2011.0,1,1,1,4.3,1162474.0
110,181499.0,67985.0,2010.0,1,1,1,4.0,967047.0
250,218299.0,90201.0,2012.0,2,2,1,4.0,1174458.0
249,330398.0,27325.0,2014.0,1,1,1,4.6,1316602.0
347,367499.0,86855.0,2015.0,1,0,1,4.3,1109152.0
226,355799.0,45589.0,2013.0,1,1,1,4.1,1227221.0
172,242399.0,44876.0,2013.0,2,1,1,4.3,840528.0
1,1092599.0,91533.0,2012.0,2,0,0,4.6,1205320.0
249,171599.0,115194.0,2010.0,1,1,1,4.3,1335795.0
187,339099.0,31415.0,2015.0,3,1,1,4.5,985926.0
310,553264.0,79126.0,2013.0,1,0,1,4.2,1339743.0
45,411398.0,46727.0,2015.0,3,1,1,4.3,790716.0
136,160099.0,144628.0,2010.0,2,2,1,3.8,1361521.0
174,221699.0,70413.0,2011.0,1,1,1,4.2,947807.0
66,572899.0,42651.0,2016.0,1,1,0,4.5,1378097.0
103,444099.0,54472.0,2017.0,1,1,1,4.6,1369939.0
172,272999.0,28126.0,2016.0,2,1,1,4.5,1385712.0
232,333624.0,69541.0,2012.0,1,1,1,4.6,1394146.0
160,740399.0,27807.0,2015.0,1,0,1,4.6,945399.0
248,142117.0,23030.0,2009.0,2,1,1,4.6,1005921.0
51,314999.0,70901.0,2011.0,3,1,1,4.4,1139517.0
217,210699.0,24635.0,2011.0,1,1,1,4.1,792816.0
215,532599.0,39254.0,2017.0,1,1,0,4.6,1429198.0
174,312699.0,15551.0,2017.0,2,1,1,4.8,960466.0
34,578340.0,30329.0,2017.0,1,1,0,4.8,1164379.0
226,399099.0,92498.0,2014.0,1,0,1,4.2,809593.0
44,253099.0,57063.0,2012.0,1,1,1,4.3,1278861.0
230,379020.0,48585.0,2012.0,1,0,1,4.9,985097.0
180,586299.0,33849.0,2018.0,1,1,1,4.8,1116768.0
201,754799.0,52827.0,2018.0,1,0,1,4.7,912583.0
105,469799.0,76685.0,2016.0,1,1,1,4.4,1305646.0
332,1155999.0,227391.0,2014.0,1,0,1,4.2,1265250.0
226,427799.0,6073.0,2014.0,1,1,1,4.5,1140220.0
19,559299.0,44368.0,2015.0,1,1,1,3.9,1398288.0
231,231499.0,27093.0,2009.0,1,1,1,4.2,1309867.0
12,233299.0,30380.0,2016.0,1,1,1,4.6,1458319.0
309,429999.0,96290.0,2012.0,1,1,1,4.4,1060155.0
226,297299.0,108594.0,2012.0,1,1,1,4.0,1163388.0
161,417420.0,50594.0,2012.0,1,0,1,4.0,1190977.0
224,228500.0,48883.0,2009.0,3,1,1,4.1,919324.0
159,894500.0,48040.0,2014.0,1,0,1,4.5,822398.0
55,507199.0,34377.0,2013.0,1,1,1,4.3,1212262.0
351,317299.0,67198.0,2014.0,1,1,1,4.3,793015.0
63,258699.0,90284.0,2010.0,1,1,1,4.3,1287474.0
70,819497.0,18331.0,2018.0,1,1,1,4.9,996020.0
138,285699.0,28046.0,2014.0,1,1,1,4.6,1434316.0
226,262099.0,96207.0,2011.0,1,1,1,4.3,989997.0
227,419399.0,81824.0,2014.0,1,0,1,4.9,1018722.0
172,331599.0,2378.0,2018.0,1,1,1,4.9,1039006.0
174,169831.0,49323.0,2012.0,1,1,1,4.2,1473699.0
105,454499.0,30367.0,2016.0,1,1,1,4.6,1321665.0
61,197099.0,139344.0,2008.0,1,1,1,4.1,1484005.0
105,584699.0,6891.0,2019.0,1,1,1,4.9,793274.0
97,414399.0,60827.0,2015.0,1,1,1,4.7,790873.0
144,456099.0,23576.0,2014.0,1,1,1,4.3,1237782.0
80,793199.0,27247.0,2018.0,1,1,1,4.6,794636.0
350,387899.0,82081.0,2014.0,1,0,1,4.2,1019052.0
298,684899.0,8526.0,2019.0,1,1,1,5.0,1479171.0
352,339299.0,81990.0,2013.0,1,1,1,4.2,1427737.0
51,252099.0,30786.0,2008.0,1,1,1,4.4,1494281.0
6,723499.0,50513.0,2011.0,1,0,0,4.0,1022222.0
244,830014.0,44476.0,2017.0,1,0,1,4.8,983618.0
45,401463.0,14999.0,2015.0,1,1,1,4.5,937890.0
249,228899.0,34399.0,2011.0,1,1,1,4.3,1071884.0
226,372999.0,82725.0,2014.0,1,0,1,4.1,1329495.0
214,401599.0,49227.0,2017.0,1,1,1,4.4,881367.0
348,347599.0,43117.0,2011.0,1,1,1,4.2,1017637.0
232,247999.0,73981.0,2011.0,1,1,1,4.2,1212539.0
111,191299.0,70749.0,2012.0,1,1,1,4.1,1057884.0
67,486579.0,19010.0,2015.0,1,1,1,4.8,1044539.0
250,265599.0,52987.0,2012.0,2,2,1,4.4,827690.0
249,290899.0,855881.0,2010.0,1,1,1,4.2,784565.0
81,589399.0,116652.0,2015.0,1,0,1,4.3,834808.0
93,276399.0,68662.0,2015.0,2,2,1,4.4,1385910.0
257,177499.0,42784.0,2010.0,1,1,1,4.2,967851.0
174,240199.0,62717.0,2011.0,2,1,1,3.9,1390627.0
277,296999.0,32464.0,2018.0,1,1,1,4.7,1466894.0
346,328013.0,30714.0,2013.0,1,1,1,4.6,1119701.0
226,392599.0,22659.0,2012.0,1,1,1,4.3,1479127.0
23,266299.0,94092.0,2011.0,2,1,1,4.1,1278497.0
18,422399.0,136004.0,2013.0,3,0,1,4.4,1226232.0
227,329199.0,151356.0,2010.0,1,0,1,4.1,1101637.0
224,258799.0,166925.0,2012.0,2,0,1,4.1,1071674.0
211,447899.0,104187.0,2014.0,1,0,1,4.3,1243459.0
284,307499.0,187692.0,2011.0,3,0,0,4.0,1406997.0
174,154899.0,94362.0,2010.0,2,1,1,4.3,1474677.0
90,136799.0,41059.0,2013.0,1,1,1,4.0,839988.0
249,388699.0,46468.0,2014.0,2,1,1,4.6,1239118.0
250,416499.0,52280.0,2017.0,1,2,1,4.4,1476808.0
182,678499.0,27623.0,2018.0,1,0,1,4.8,752408.0
302,124999.0,30376.0,2014.0,1,1,1,4.5,768165.0
250,395899.0,62589.0,2018.0,2,2,1,4.6,1339385.0
188,307699.0,136962.0,2014.0,2,1,0,4.1,817360.0
53,690099.0,22016.0,2017.0,2,1,1,4.7,1370369.0
3,1042699.0,57079.0,2012.0,1,0,0,4.2,865909.0
188,401599.0,14225.0,2015.0,2,1,0,4.2,1105148.0
66,626499.0,18439.0,2016.0,1,1,0,4.6,1133288.0
139,253136.0,53501.0,2012.0,1,2,1,4.0,1307941.0
232,456699.0,93657.0,2015.0,1,1,1,4.3,1491448.0
55,254199.0,132921.0,2010.0,1,1,1,4.1,1015471.0
242,761999.0,24367.0,2016.0,1,0,1,4.2,1338858.0
257,254853.0,46535.0,2010.0,1,1,1,3.9,1086730.0
131,284499.0,140044.0,2014.0,1,0,1,4.5,843706.0
249,376699.0,17291.0,2013.0,1,1,1,4.5,763698.0
188,370199.0,23897.0,2015.0,1,1,0,4.3,1008646.0
242,887599.0,12581.0,2018.0,1,0,1,4.9,1350507.0
73,891199.0,70349.0,2017.0,2,0,0,4.6,924049.0
77,526899.0,64106.0,2015.0,2,0,1,4.2,1200109.0
227,422751.0,36839.0,2013.0,1,0,1,4.3,962357.0
55,609299.0,48845.0,2014.0,1,1,1,4.3,1472941.0
73,1246699.0,22608.0,2017.0,1,0,0,4.8,988011.0
266,402399.0,73503.0,2013.0,2,0,1,3.8,1015034.0
150,295885.0,64703.0,2013.0,1,1,1,4.5,961025.0
106,565099.0,20935.0,2018.0,1,1,0,4.8,822812.0
226,483499.0,21714.0,2017.0,2,1,1,4.6,1452983.0
250,272099.0,99966.0,2012.0,1,2,1,4.3,1336572.0
230,456399.0,75547.0,2013.0,2,0,1,4.3,1018972.0
242,883799.0,24353.0,2019.0,1,0,1,4.5,1180500.0
320,326099.0,67401.0,2013.0,1,0,1,4.4,1485957.0
250,349575.0,75341.0,2013.0,2,2,1,4.3,1443779.0
142,320570.0,43617.0,2012.0,2,1,1,4.2,1409664.0
226,474399.0,75644.0,2015.0,1,1,1,4.2,1412094.0
150,317599.0,39086.0,2011.0,1,1,1,4.5,817387.0
45,320099.0,52290.0,2015.0,1,1,1,4.3,1213737.0
172,261499.0,8267.0,2017.0,1,1,1,4.8,1002521.0
232,377750.0,86980.0,2012.0,1,1,1,4.9,965273.0
257,248099.0,32137.0,2011.0,2,1,1,4.5,782591.0
54,420399.0,51808.0,2012.0,2,1,0,4.0,1320659.0
210,408199.0,83719.0,2012.0,1,0,1,4.3,1017297.0
111,256199.0,91014.0,2014.0,1,2,1,4.1,1001116.0
217,258799.0,82092.0,2010.0,1,0,1,3.9,964986.0
244,638199.0,64429.0,2017.0,1,0,1,4.8,1119877.0
333,818599.0,67180.0,2014.0,1,0,1,4.5,1199919.0
210,452699.0,125259.0,2012.0,1,1,1,4.2,1087185.0
56,708899.0,36119.0,2015.0,1,1,0,4.3,936227.0
226,333240.0,33742.0,2013.0,1,1,1,4.3,1112116.0
262,181899.0,196982.0,2012.0,1,0,1,4.2,1000571.0
226,356999.0,86246.0,2012.0,1,1,1,4.0,1193211.0
320,318099.0,61443.0,2012.0,1,0,1,4.5,1119745.0
257,78599.0,97341.0,2008.0,2,2,1,4.3,815706.0
45,373799.0,23011.0,2013.0,2,1,1,4.1,1465081.0
226,489399.0,28652.0,2014.0,1,0,1,4.7,1441205.0
174,346099.0,54173.0,2018.0,1,1,1,4.5,1363643.0
249,235699.0,96735.0,2013.0,2,1,1,4.1,1466988.0
171,167999.0,48254.0,2010.0,1,1,1,4.5,905994.0
294,475399.0,72550.0,2013.0,1,0,1,4.0,971211.0
179,589499.0,88453.0,2016.0,1,0,1,4.7,1304670.0
230,333399.0,105059.0,2011.0,2,0,1,4.2,1094116.0
257,183399.0,71023.0,2008.0,2,1,1,4.1,1262060.0
86,506699.0,91244.0,2015.0,1,0,1,4.2,961647.0
278,458299.0,5726.0,2019.0,1,1,0,5.0,1087891.0
176,361399.0,15293.0,2017.0,1,1,1,4.6,877132.0
230,414599.0,95770.0,2014.0,1,0,1,4.3,1482485.0
75,758699.0,111100.0,2016.0,1,0,1,4.7,972806.0
226,336899.0,64993.0,2011.0,1,0,1,4.0,794502.0
3,1505899.0,51266.0,2015.0,2,0,0,4.7,1350732.0
287,586799.0,83967.0,2016.0,1,0,1,4.6,849750.0
55,525799.0,94066.0,2014.0,1,1,1,4.3,1106944.0
174,306799.0,70048.0,2015.0,1,1,1,4.1,1370867.0
262,254799.0,116831.0,2012.0,1,0,1,4.2,1021307.0
77,653299.0,83167.0,2016.0,1,0,1,4.3,1201393.0
51,451699.0,44987.0,2010.0,1,1,1,4.3,1450428.0
172,277099.0,47169.0,2013.0,1,1,1,4.2,1495663.0
51,212899.0,72880.0,2008.0,1,1,1,4.8,1180419.0
116,281702.0,53029.0,2009.0,2,1,1,4.1,1229476.0
237,408599.0,89947.0,2014.0,1,0,1,4.3,1123488.0
249,428999.0,53211.0,2018.0,2,1,1,4.5,1033036.0
104,294461.0,97600.0,2014.0,1,0,1,4.4,1346840.0
150,314399.0,47774.0,2012.0,1,1,1,4.3,1055953.0
257,134099.0,35561.0,2009.0,2,1,1,4.1,905907.0
237,440099.0,25850.0,2015.0,1,0,1,4.5,1421428.0
226,385199.0,146312.0,2012.0,1,0,1,4.0,833909.0
150,344599.0,24034.0,2012.0,1,1,1,4.1,894151.0
226,339499.0,27649.0,2012.0,1,1,1,4.3,966216.0
69,389999.0,70258.0,2014.0,1,0,1,4.4,1187823.0
172,295699.0,21745.0,2017.0,1,1,1,4.7,1478233.0
91,181299.0,43604.0,2013.0,1,1,1,4.2,952266.0
174,240299.0,35810.0,2014.0,2,1,1,4.2,1337020.0
140,208120.0,59044.0,2008.0,1,1,1,4.0,1378777.0
220,261409.0,55012.0,2010.0,1,1,1,4.0,949257.0
338,1952397.0,56600.0,2018.0,1,0,0,4.8,1469272.0
147,284199.0,37076.0,2012.0,2,1,1,4.5,1338046.0
150,339844.0,51654.0,2011.0,1,1,1,4.1,895137.0
180,548999.0,28786.0,2018.0,1,1,1,4.8,1171842.0
226,344499.0,73151.0,2010.0,2,0,1,4.2,1444137.0
342,355530.0,66519.0,2016.0,2,1,1,4.3,1048577.0
164,822193.0,30586.0,2017.0,2,0,1,5.0,1031198.0
57,668999.0,48085.0,2016.0,1,1,1,4.6,1352423.0
153,294799.0,55764.0,2012.0,2,0,1,4.3,998672.0
45,300499.0,33783.0,2012.0,1,1,1,4.4,809011.0
257,151015.0,68075.0,2008.0,1,1,1,4.3,1213102.0
39,330690.0,99345.0,2013.0,2,0,1,4.2,871983.0
266,469199.0,118398.0,2013.0,1,0,1,4.2,1167004.0
172,290999.0,10123.0,2018.0,1,1,1,4.8,938261.0
166,1028708.0,64051.0,2016.0,1,0,0,4.9,858824.0
174,180199.0,21023.0,2012.0,2,1,1,4.3,1479307.0
292,1429399.0,37870.0,2016.0,1,1,0,4.0,1068825.0
211,402399.0,87825.0,2013.0,1,0,1,4.2,954894.0
17,534799.0,111524.0,2014.0,1,0,1,4.0,990202.0
143,364499.0,69848.0,2012.0,1,1,0,4.3,1288069.0
21,415799.0,66940.0,2013.0,1,0,1,4.5,1074671.0
249,231299.0,48546.0,2011.0,2,1,1,4.0,1378704.0
342,302899.0,40836.0,2012.0,1,1,1,3.9,978071.0
101,383599.0,23213.0,2017.0,1,1,1,4.8,1403326.0
174,334599.0,20127.0,2014.0,2,1,1,4.3,1231511.0
171,229399.0,35190.0,2012.0,2,1,1,4.3,1336985.0
332,1016899.0,111562.0,2015.0,1,0,1,4.7,1309231.0
171,222199.0,41967.0,2011.0,1,1,1,3.9,1087689.0
328,1189399.0,46415.0,2013.0,1,0,1,4.5,1083619.0
337,1457099.0,183456.0,2017.0,1,0,1,4.4,1397652.0
171,252599.0,26363.0,2009.0,1,1,1,4.3,1283313.0
17,696599.0,39286.0,2015.0,1,0,1,4.6,976086.0
27,246999.0,100669.0,2015.0,1,0,1,4.0,787760.0
55,336699.0,135778.0,2010.0,1,1,1,4.5,1064316.0
171,134799.0,42016.0,2010.0,1,1,1,4.3,1079759.0
210,549199.0,30956.0,2015.0,2,1,1,4.0,1375546.0
51,263899.0,111451.0,2010.0,1,1,1,4.2,1043095.0
249,390399.0,57275.0,2014.0,1,1,1,4.4,968404.0
174,128899.0,83421.0,2010.0,2,1,1,3.6,1106331.0
172,335661.0,16787.0,2017.0,1,1,1,4.7,1431727.0
142,345999.0,15260.0,2012.0,1,1,1,4.3,989230.0
39,343899.0,55933.0,2014.0,1,0,1,4.6,800616.0
201,741599.0,19717.0,2019.0,1,0,1,4.6,883897.0
230,470199.0,61450.0,2013.0,1,0,1,4.2,1362469.0
346,416299.0,46682.0,2016.0,3,1,1,4.5,952828.0
249,402899.0,12380.0,2015.0,1,1,1,4.4,761039.0
78,730599.0,45552.0,2017.0,1,1,1,4.6,1204688.0
31,275499.0,54858.0,2008.0,2,1,0,4.2,1417730.0
51,337199.0,127174.0,2011.0,1,1,1,3.7,1004210.0
226,504255.0,38597.0,2015.0,1,1,1,4.6,1261228.0
230,289999.0,128836.0,2012.0,1,0,1,4.0,1354181.0
174,346399.0,7960.0,2015.0,1,1,1,4.7,1492517.0
277,378799.0,8500.0,2016.0,1,1,1,4.7,1411639.0
139,248899.0,32101.0,2011.0,1,1,1,4.2,1156810.0
139,285199.0,57031.0,2013.0,2,1,1,4.3,1481992.0
172,280999.0,21691.0,2017.0,1,1,1,4.6,1255448.0
139,251399.0,88696.0,2012.0,1,1,1,4.3,1130601.0
249,420399.0,20550.0,2017.0,1,1,1,4.6,781508.0
316,258899.0,160368.0,2012.0,2,0,1,4.3,925821.0
122,305599.0,88812.0,2011.0,1,0,1,4.5,987213.0
226,288699.0,95044.0,2010.0,1,1,1,3.9,852530.0
232,410599.0,59395.0,2014.0,1,1,1,4.3,1203298.0
79,644000.0,23136.0,2017.0,1,1,1,4.5,1447268.0
198,695799.0,76673.0,2016.0,1,0,1,4.6,1038920.0
103,510799.0,21601.0,2018.0,1,1,1,4.7,752931.0
188,448299.0,19290.0,2016.0,2,1,0,4.7,778445.0
188,406099.0,53799.0,2014.0,1,1,0,4.3,757730.0
45,223399.0,103826.0,2012.0,1,1,1,4.2,864828.0
328,1012699.0,93756.0,2011.0,1,0,1,4.4,1285524.0
347,550699.0,68093.0,2015.0,2,0,1,4.3,967661.0
45,257199.0,118056.0,2012.0,2,1,1,3.9,1167612.0
174,241599.0,45540.0,2017.0,3,1,1,4.8,929203.0
172,261499.0,57525.0,2013.0,1,1,1,4.3,850620.0
54,465599.0,104084.0,2013.0,1,1,0,4.3,900013.0
51,244699.0,73179.0,2009.0,2,1,1,4.3,828450.0
45,232999.0,39877.0,2012.0,1,1,1,4.0,1489849.0
63,212199.0,76158.0,2009.0,1,1,1,4.0,864569.0
110,201599.0,102210.0,2009.0,3,1,1,4.2,1065435.0
232,312899.0,101605.0,2012.0,1,1,1,4.1,1493340.0
336,1817180.0,65165.0,2018.0,1,0,1,4.7,1404042.0
174,278199.0,20994.0,2011.0,1,1,1,4.2,1165220.0
232,410799.0,63051.0,2014.0,1,1,1,4.3,1110487.0
226,418399.0,66664.0,2015.0,1,1,1,4.2,1455998.0
226,425599.0,74031.0,2014.0,1,1,1,4.4,1332187.0
212,708599.0,108116.0,2017.0,1,2,1,4.6,1300248.0
352,447499.0,71136.0,2013.0,1,0,1,4.2,990526.0
237,481799.0,98101.0,2015.0,1,0,1,4.2,959215.0
232,430499.0,115096.0,2012.0,1,1,1,4.2,1292446.0
45,331599.0,29164.0,2014.0,1,1,1,4.6,1110259.0
248,122999.0,54099.0,2009.0,2,1,1,3.6,906993.0
321,191599.0,141262.0,2011.0,1,0,1,4.2,949237.0
230,300899.0,121168.0,2012.0,1,0,1,4.2,1093215.0
250,380399.0,56328.0,2017.0,1,2,1,4.6,1317426.0
88,157199.0,68269.0,2011.0,2,1,1,4.1,1133010.0
142,354899.0,40807.0,2012.0,1,1,1,4.4,1487296.0
207,407082.0,49185.0,2018.0,1,2,1,4.7,1150147.0
249,250200.0,34903.0,2013.0,2,1,1,4.3,1285586.0
243,801299.0,16077.0,2018.0,1,0,1,4.9,1083436.0
213,689099.0,129011.0,2015.0,2,0,1,4.1,822072.0
207,317099.0,23719.0,2018.0,1,2,1,4.4,1195545.0
172,314799.0,10457.0,2019.0,1,1,1,4.9,913748.0
257,130999.0,38285.0,2009.0,1,1,1,4.3,1259693.0
174,234199.0,68156.0,2012.0,2,1,1,4.1,906993.0
217,350999.0,112264.0,2012.0,1,0,1,4.4,1033067.0
45,279399.0,76938.0,2014.0,1,1,1,4.5,1459396.0
230,433983.0,62602.0,2013.0,1,0,1,4.4,907001.0
152,372299.0,25341.0,2013.0,1,1,1,4.4,916002.0
328,1144199.0,66958.0,2012.0,1,0,1,4.9,880196.0
354,639499.0,38459.0,2015.0,1,0,0,4.6,1045395.0
143,376499.0,59419.0,2013.0,2,1,0,4.3,1286312.0
51,433699.0,69029.0,2014.0,1,0,1,4.2,983564.0
234,511099.0,80800.0,2015.0,3,1,1,4.1,1356132.0
174,177899.0,42358.0,2011.0,1,1,1,4.4,1348765.0
110,194278.0,94272.0,2008.0,2,1,1,4.5,1137395.0
252,512610.0,14747.0,2018.0,1,1,0,4.9,1174135.0
142,297399.0,44955.0,2011.0,1,1,1,4.2,1142741.0
220,333499.0,45317.0,2013.0,1,1,1,4.3,1351149.0
110,182599.0,50156.0,2009.0,2,1,1,4.1,927952.0
207,361853.0,22346.0,2018.0,1,2,1,4.8,1487436.0
110,241199.0,31094.0,2009.0,1,1,1,4.3,809552.0
81,588099.0,143079.0,2015.0,1,0,1,4.4,1473959.0
182,733199.0,7271.0,2019.0,1,0,1,4.9,952017.0
172,309199.0,34638.0,2018.0,1,1,1,4.0,1213904.0
249,376999.0,23315.0,2013.0,1,1,1,4.3,805473.0
249,338699.0,29425.0,2012.0,2,1,1,4.6,791327.0
211,768899.0,59847.0,2017.0,1,0,1,4.2,1388240.0
63,131299.0,80103.0,2007.0,2,1,1,4.0,1311869.0
173,286399.0,39380.0,2017.0,1,1,1,4.8,1113814.0
57,524199.0,95461.0,2014.0,1,0,1,4.0,1079746.0
254,183099.0,197377.0,2009.0,1,3,1,3.7,1103991.0
122,351399.0,34760.0,2011.0,2,1,1,4.3,1026067.0
230,364599.0,94644.0,2012.0,1,0,1,4.2,1257200.0
103,379099.0,54323.0,2015.0,1,1,1,4.3,1177260.0
316,343073.0,87966.0,2011.0,1,1,1,4.4,894223.0
249,353199.0,23233.0,2014.0,2,1,1,4.3,1344712.0
226,391874.0,77720.0,2013.0,1,0,1,4.3,1169405.0
86,585599.0,26073.0,2017.0,1,0,1,4.4,1122879.0
204,685899.0,30348.0,2017.0,1,1,0,4.6,849491.0
66,515199.0,13647.0,2016.0,1,1,1,4.9,1004621.0
204,719099.0,7266.0,2019.0,1,1,0,4.8,1417831.0
101,390699.0,41443.0,2016.0,1,2,1,4.7,1012208.0
237,474899.0,66450.0,2015.0,1,0,1,4.5,1093141.0
217,314799.0,93555.0,2009.0,1,1,1,4.4,822989.0
183,560885.0,28156.0,2015.0,2,1,1,4.5,772763.0
139,264370.0,31299.0,2010.0,1,1,1,4.3,1062875.0
128,393699.0,151230.0,2015.0,1,2,1,4.1,1369018.0
105,395599.0,53063.0,2016.0,1,1,1,4.4,1347949.0
341,646399.0,80345.0,2012.0,1,0,0,4.2,979543.0
250,244899.0,114593.0,2011.0,2,2,1,3.9,1425885.0
349,189769.0,91905.0,2010.0,2,1,1,4.2,1084157.0
207,378099.0,21487.0,2018.0,1,2,1,4.7,1269779.0
180,619379.0,21125.0,2019.0,1,1,1,4.9,1039766.0
93,371470.0,25439.0,2017.0,1,1,1,4.1,1393641.0
253,348699.0,42270.0,2016.0,1,1,0,4.5,1204294.0
242,723699.0,48081.0,2018.0,1,0,1,4.7,1278723.0
138,223099.0,116240.0,2008.0,1,1,1,3.9,1483763.0
188,400199.0,35251.0,2017.0,2,1,0,4.6,1318824.0
179,648780.0,107803.0,2016.0,1,0,1,4.5,1437583.0
323,323599.0,60701.0,2014.0,1,1,1,4.3,1316869.0
226,745853.0,14598.0,2019.0,1,1,1,4.9,921908.0
232,384799.0,80710.0,2013.0,2,1,1,4.3,827849.0
226,370099.0,124969.0,2014.0,1,0,1,4.5,1190226.0
180,624599.0,18822.0,2017.0,1,1,1,4.7,750087.0
209,387099.0,44983.0,2018.0,1,2,1,3.8,969997.0
242,677870.0,43573.0,2017.0,1,0,1,4.6,898098.0
316,325099.0,29045.0,2011.0,1,1,1,4.6,1013887.0
19,708799.0,10719.0,2017.0,1,1,1,4.6,1475092.0
328,1214099.0,166542.0,2012.0,1,0,1,4.4,771123.0
150,326999.0,48976.0,2013.0,2,1,1,4.2,890818.0
226,263899.0,56487.0,2011.0,1,1,1,4.2,1262799.0
100,445599.0,27183.0,2015.0,1,1,1,4.3,928911.0
171,153399.0,59696.0,2009.0,1,1,1,4.3,865354.0
171,95499.0,65053.0,2007.0,1,1,1,4.2,1023334.0
249,329199.0,11065.0,2013.0,1,1,1,4.5,893710.0
74,768899.0,61859.0,2017.0,1,1,1,4.2,849669.0
349,228799.0,104895.0,2010.0,1,1,1,4.2,1423047.0
252,370199.0,35355.0,2015.0,2,1,0,4.5,1184239.0
174,223899.0,116848.0,2013.0,1,1,1,3.7,841681.0
155,1156099.0,73227.0,2017.0,1,1,0,4.3,927276.0
4,1082099.0,83797.0,2012.0,2,0,0,4.3,775234.0
250,303399.0,100032.0,2015.0,1,2,1,4.2,775203.0
133,125470.0,72738.0,2008.0,1,1,1,4.2,1496502.0
66,673199.0,19363.0,2017.0,1,1,0,4.8,1467821.0
51,219699.0,49649.0,2010.0,1,1,1,4.1,1198707.0
193,511599.0,125241.0,2014.0,1,0,1,4.1,1480970.0
177,472199.0,20058.0,2019.0,1,2,1,4.8,977821.0
226,373499.0,79467.0,2014.0,1,1,1,4.3,1378426.0
250,255899.0,68974.0,2012.0,1,2,1,4.2,1492395.0
6,839899.0,35473.0,2011.0,2,0,0,3.9,1324071.0
159,937699.0,142341.0,2016.0,1,0,1,4.9,1476660.0
45,323499.0,83574.0,2012.0,2,1,1,4.1,763059.0
124,531199.0,48498.0,2014.0,1,0,1,4.9,1074731.0
226,353899.0,111112.0,2010.0,1,0,1,4.2,1148714.0
238,323699.0,49523.0,2008.0,2,1,1,3.9,769517.0
250,218399.0,141811.0,2010.0,1,2,1,4.6,1000538.0
178,503299.0,48337.0,2015.0,1,1,1,4.5,1183003.0
332,909299.0,75358.0,2015.0,1,0,1,4.7,1296218.0
171,247957.0,38938.0,2011.0,1,1,1,4.2,897415.0
300,124399.0,9768.0,2016.0,1,1,0,4.7,1234992.0
26,284999.0,56940.0,2014.0,1,1,1,4.4,935622.0
174,343399.0,50239.0,2014.0,1,1,1,4.3,991362.0
174,272199.0,10213.0,2015.0,1,1,1,4.8,1386507.0
230,317999.0,68930.0,2012.0,1,0,1,4.3,1097272.0
226,349299.0,62323.0,2010.0,3,1,1,4.2,1221778.0
174,229890.0,29780.0,2011.0,2,1,1,4.2,1464331.0
55,325099.0,147629.0,2011.0,1,1,1,4.4,1064229.0
48,404299.0,42468.0,2014.0,1,1,0,4.6,800796.0
232,417899.0,46314.0,2014.0,1,1,1,4.5,1418179.0
231,343699.0,49885.0,2009.0,1,1,1,4.1,1442003.0
212,417299.0,81940.0,2013.0,2,1,1,4.1,1116367.0
282,564399.0,104331.0,2012.0,2,0,0,4.4,1331915.0
150,218601.0,53140.0,2010.0,1,2,1,4.0,1017758.0
250,262499.0,134966.0,2013.0,1,2,1,4.2,792514.0
55,476099.0,104060.0,2014.0,1,0,1,4.3,804201.0
124,428999.0,51148.0,2013.0,1,1,1,4.2,1420892.0
139,180699.0,70891.0,2010.0,2,1,1,4.4,1177782.0
110,130999.0,49349.0,2009.0,1,2,1,4.2,1306457.0
308,450699.0,55186.0,2015.0,1,0,0,4.6,1438691.0
342,581899.0,15426.0,2017.0,1,1,1,4.7,972538.0
20,427399.0,114610.0,2014.0,1,1,0,4.9,1313713.0
242,695799.0,67454.0,2016.0,1,0,1,4.6,973602.0
230,412499.0,118302.0,2012.0,1,0,1,4.3,871856.0
252,409299.0,6703.0,2016.0,1,1,0,4.7,1147339.0
35,445471.0,81538.0,2016.0,1,1,1,4.5,884038.0
226,368799.0,40183.0,2012.0,1,1,1,4.0,1131810.0
124,399299.0,96225.0,2012.0,1,0,1,4.2,1375946.0
150,307999.0,54054.0,2012.0,2,1,1,4.0,1173854.0
345,705999.0,69898.0,2016.0,1,1,0,4.0,1177896.0
187,411999.0,33199.0,2018.0,1,1,1,4.8,777539.0
236,433592.0,25976.0,2017.0,1,1,1,4.7,973721.0
226,307299.0,89318.0,2012.0,1,0,1,4.1,825618.0
125,392899.0,45693.0,2012.0,1,0,1,4.9,1494542.0
307,512399.0,26793.0,2017.0,1,1,1,4.4,1239123.0
230,446599.0,85672.0,2013.0,2,0,1,4.1,1438293.0
170,306190.0,22465.0,2011.0,2,1,0,4.2,779552.0
220,375955.0,86798.0,2014.0,1,1,1,4.3,1177576.0
171,231799.0,58963.0,2012.0,1,1,1,4.0,1364663.0
192,472099.0,20010.0,2017.0,1,1,0,4.6,1045935.0
310,306099.0,115196.0,2011.0,2,0,1,4.0,1013464.0
250,308199.0,61646.0,2014.0,2,2,1,4.2,1484750.0
45,296399.0,16508.0,2013.0,2,1,1,4.3,1071116.0
146,569899.0,23390.0,2016.0,1,1,1,4.5,1372527.0
241,668099.0,23296.0,2018.0,1,1,0,4.7,765750.0
226,538299.0,43743.0,2015.0,2,1,1,4.5,994887.0
180,621199.0,5153.0,2019.0,1,1,1,4.8,1451836.0
244,602799.0,58586.0,2016.0,1,0,1,4.6,902539.0
342,193099.0,61082.0,2012.0,1,1,1,4.2,1428970.0
110,158099.0,58531.0,2008.0,1,1,1,3.9,879218.0
307,505999.0,21446.0,2017.0,1,1,1,4.3,1404589.0
188,446399.0,16920.0,2016.0,1,1,0,4.9,1057706.0
124,439599.0,48288.0,2012.0,1,0,1,4.4,1349427.0
142,216699.0,51056.0,2010.0,1,1,1,4.1,1241861.0
249,218999.0,52333.0,2010.0,1,1,1,4.3,836759.0
232,425999.0,75485.0,2014.0,1,1,1,4.3,920522.0
248,215499.0,110417.0,2010.0,1,1,1,4.0,1122930.0
124,381199.0,68374.0,2013.0,2,1,1,4.2,1114031.0
35,291499.0,72229.0,2013.0,2,1,1,4.1,1497056.0
88,187899.0,86673.0,2011.0,1,2,1,4.0,783650.0
51,316955.0,48181.0,2010.0,1,1,1,4.3,1423562.0
210,459199.0,88622.0,2013.0,1,0,1,4.3,1336456.0
141,278599.0,72977.0,2014.0,1,1,1,4.1,1453841.0
249,432099.0,19615.0,2018.0,1,1,1,4.7,1380306.0
51,276399.0,100733.0,2011.0,1,1,1,4.1,1070538.0
226,678699.0,3587.0,2016.0,1,1,1,4.9,922794.0
267,397299.0,119275.0,2013.0,1,0,1,4.2,1010822.0
171,160199.0,37485.0,2010.0,1,1,1,4.1,839516.0
82,523499.0,16277.0,2018.0,1,1,1,4.9,952654.0
156,744799.0,23085.0,2018.0,1,0,1,4.7,1457472.0
249,327899.0,50060.0,2014.0,1,2,1,4.5,1485798.0
168,761699.0,119932.0,2015.0,2,0,1,4.1,1252225.0
51,402199.0,99588.0,2011.0,1,1,1,4.2,990428.0
30,560399.0,35737.0,2018.0,1,0,1,4.8,1321638.0
220,264899.0,61011.0,2013.0,1,1,1,3.8,999552.0
71,198930.0,88506.0,2012.0,1,1,1,4.1,1391677.0
266,481199.0,51822.0,2013.0,1,0,1,4.4,1344311.0
321,312099.0,166250.0,2014.0,1,0,1,4.5,979628.0
139,204999.0,44563.0,2010.0,1,1,1,3.9,1279241.0
278,354599.0,38747.0,2018.0,1,1,0,4.5,1274239.0
249,380599.0,48243.0,2015.0,1,1,1,4.6,771924.0
178,519099.0,61456.0,2016.0,1,1,1,4.4,1305174.0
244,777899.0,32529.0,2017.0,1,0,1,4.8,919468.0
94,560972.0,58141.0,2016.0,1,2,0,4.6,1376286.0
232,567899.0,3813.0,2014.0,1,1,1,4.8,909959.0
205,248199.0,55911.0,2011.0,1,1,1,3.4,1160563.0
139,185887.0,83431.0,2013.0,3,1,1,4.1,969897.0
172,261199.0,21862.0,2014.0,1,1,1,4.5,1368837.0
53,489199.0,42466.0,2015.0,1,1,1,3.9,968404.0
51,276399.0,95921.0,2011.0,1,1,1,4.2,1310474.0
143,291899.0,54471.0,2011.0,2,1,0,4.0,1413383.0
124,398299.0,68355.0,2012.0,1,0,1,4.4,1131725.0
180,509199.0,63655.0,2017.0,1,1,1,4.6,1013640.0
249,336899.0,65033.0,2017.0,2,1,1,4.6,1491161.0
191,442799.0,33556.0,2017.0,1,1,0,4.7,1218283.0
78,578399.0,22061.0,2016.0,1,1,1,4.5,1067888.0
163,685830.0,80820.0,2017.0,2,0,0,4.6,876970.0
47,311099.0,31719.0,2012.0,1,1,1,4.3,823103.0
110,300099.0,17702.0,2010.0,1,1,1,4.8,863873.0
257,220199.0,40177.0,2010.0,2,1,1,4.2,1121720.0
208,305899.0,23704.0,2014.0,1,1,1,4.5,1335706.0
217,330399.0,41832.0,2010.0,1,1,1,4.4,1374859.0
316,290199.0,54147.0,2011.0,1,1,1,4.5,1282378.0
316,204799.0,72310.0,2012.0,1,1,1,3.9,1470426.0
35,589410.0,28944.0,2018.0,1,1,1,4.9,1312809.0
44,269668.0,67484.0,2013.0,2,2,1,4.1,846704.0
228,303599.0,154599.0,2014.0,1,0,1,4.4,1193093.0
236,134599.0,105021.0,2008.0,1,2,1,4.1,1375096.0
232,366099.0,53422.0,2012.0,1,1,1,4.5,1106298.0
124,359999.0,84640.0,2011.0,3,2,1,4.3,1177394.0
249,276299.0,24956.0,2012.0,2,1,1,4.4,1261921.0
346,502599.0,53868.0,2016.0,1,1,1,4.4,1472065.0
81,511699.0,87142.0,2015.0,1,0,1,4.1,1227387.0
210,699599.0,23310.0,2017.0,1,1,1,4.5,884518.0
86,586699.0,6210.0,2017.0,1,1,1,4.8,891930.0
304,350599.0,47422.0,2017.0,1,0,1,4.5,827972.0
346,520999.0,75024.0,2015.0,1,1,1,4.2,1214325.0
59,194499.0,89708.0,2008.0,1,1,1,4.2,1336667.0
275,264499.0,34265.0,2017.0,2,1,1,4.3,1258132.0
167,562700.0,90510.0,2013.0,1,0,1,4.2,1033425.0
257,169999.0,75010.0,2011.0,1,1,1,4.2,1166439.0
178,772699.0,23424.0,2019.0,1,1,1,4.9,844216.0
226,667699.0,26591.0,2017.0,1,1,1,4.8,1045493.0
227,331999.0,97757.0,2012.0,1,0,1,4.3,1428163.0
87,586199.0,39327.0,2015.0,2,2,1,4.6,1244166.0
172,231699.0,57434.0,2014.0,1,1,1,4.3,1268160.0
207,349999.0,44146.0,2018.0,1,2,1,4.6,1280166.0
100,450099.0,12453.0,2017.0,1,1,1,4.7,1415378.0
115,1378399.0,76578.0,2016.0,1,0,0,4.3,966337.0
51,340699.0,142543.0,2009.0,1,1,1,4.2,1314811.0
249,216441.0,99248.0,2012.0,2,1,1,4.3,1245313.0
172,250799.0,55484.0,2016.0,2,1,1,4.7,1120570.0
174,237999.0,45111.0,2014.0,1,1,1,4.5,1137459.0
100,447283.0,41357.0,2016.0,1,1,1,4.5,922986.0
226,495199.0,50674.0,2014.0,1,0,1,4.5,1464332.0
163,552399.0,26053.0,2015.0,2,0,0,4.6,1389438.0
64,291268.0,117168.0,2010.0,1,1,1,4.2,1480683.0
257,120399.0,21726.0,2009.0,2,1,1,4.0,857578.0
45,238499.0,133257.0,2013.0,1,1,1,4.5,791105.0
168,443799.0,91966.0,2012.0,1,0,1,4.2,975803.0
172,274099.0,34543.0,2016.0,1,1,1,4.3,1274527.0
139,314699.0,22998.0,2013.0,1,1,1,4.3,1361292.0
136,168299.0,36107.0,2011.0,1,1,1,4.0,865187.0
75,860499.0,58585.0,2015.0,1,1,1,4.4,958130.0
92,323399.0,19140.0,2017.0,1,1,1,4.5,1393636.0
316,332899.0,13134.0,2013.0,1,1,1,4.2,829588.0
79,615399.0,16509.0,2018.0,1,1,1,4.9,1335842.0
247,931166.0,19465.0,2018.0,1,0,1,4.9,862788.0
51,312399.0,102393.0,2011.0,1,1,1,4.2,1249541.0
220,292699.0,100986.0,2011.0,2,1,1,4.2,1359256.0
230,453199.0,13830.0,2013.0,1,0,1,4.7,1493364.0
59,150099.0,123714.0,2008.0,2,1,1,4.1,771916.0
207,322599.0,26407.0,2018.0,1,2,1,4.7,1132129.0
168,552999.0,120123.0,2015.0,1,0,1,4.2,886971.0
87,579299.0,33312.0,2015.0,1,1,1,4.4,950607.0
172,289599.0,24738.0,2018.0,1,1,1,4.8,1035630.0
97,460199.0,50163.0,2016.0,1,1,1,4.1,970999.0
45,279299.0,65954.0,2012.0,1,1,1,4.3,1086461.0
249,305198.0,60114.0,2010.0,2,1,1,4.0,1391345.0
31,255099.0,65929.0,2008.0,1,1,0,4.2,1195511.0
242,758699.0,23892.0,2018.0,1,0,1,4.8,1267954.0
220,397033.0,54073.0,2014.0,2,1,1,4.1,1136435.0
110,174899.0,58310.0,2011.0,1,1,1,4.4,1384910.0
172,268887.0,52018.0,2015.0,1,1,1,4.3,1441870.0
210,565999.0,93867.0,2012.0,2,0,1,4.0,807358.0
174,338199.0,21618.0,2017.0,1,1,1,4.8,1143437.0
174,188899.0,73444.0,2012.0,1,1,1,4.4,830534.0
191,307830.0,33933.0,2014.0,2,1,1,4.6,1143134.0
226,313799.0,142412.0,2013.0,1,2,1,4.3,1206493.0
64,301505.0,100385.0,2012.0,1,1,1,3.9,1214668.0
297,335299.0,59345.0,2012.0,1,0,1,3.9,1209971.0
337,1485599.0,119373.0,2016.0,1,0,1,4.5,853674.0
51,249299.0,103378.0,2010.0,2,2,1,4.1,1207965.0
10,316399.0,42905.0,2015.0,1,1,1,4.1,1354276.0
51,339899.0,73933.0,2011.0,3,2,1,4.2,1316780.0
332,601799.0,134217.0,2012.0,1,0,1,4.4,897553.0
245,839199.0,39663.0,2017.0,1,0,1,4.7,951036.0
110,178699.0,84985.0,2008.0,1,3,1,4.0,928385.0
84,625199.0,52659.0,2015.0,2,0,1,4.8,1411547.0
172,258937.0,29390.0,2013.0,2,1,1,4.4,1389228.0
269,348599.0,77490.0,2013.0,2,0,1,4.2,1342739.0
174,320099.0,39854.0,2014.0,2,1,1,4.4,916098.0
131,331500.0,89930.0,2015.0,1,0,1,4.5,1444590.0
187,292199.0,68547.0,2015.0,1,2,1,3.9,1371176.0
174,317699.0,15003.0,2015.0,1,1,1,4.6,1238972.0
226,431499.0,8889.0,2015.0,1,1,1,4.5,950059.0
172,225199.0,68344.0,2012.0,1,1,1,4.3,1314092.0
226,452799.0,35855.0,2017.0,2,1,1,4.6,832957.0
197,534199.0,77225.0,2016.0,1,0,1,4.7,860006.0
245,738399.0,100205.0,2016.0,1,0,1,4.5,1123468.0
230,578899.0,97036.0,2015.0,1,0,1,3.7,1101359.0
188,424099.0,31307.0,2017.0,1,1,1,4.7,1244066.0
140,168899.0,32009.0,2008.0,2,3,1,4.4,1361973.0
349,327099.0,92305.0,2011.0,1,0,1,4.0,1222804.0
45,347699.0,30713.0,2013.0,1,1,1,4.2,868072.0
66,544599.0,56894.0,2016.0,1,1,0,4.5,944645.0
232,535199.0,37541.0,2014.0,1,1,1,4.6,902331.0
171,165199.0,111848.0,2010.0,2,2,1,4.0,755370.0
226,421699.0,62206.0,2012.0,1,0,1,4.3,1059263.0
332,789899.0,122507.0,2014.0,1,0,1,4.5,848778.0
250,223499.0,112297.0,2011.0,1,2,1,4.3,1024218.0
233,133599.0,133226.0,2008.0,2,2,1,4.0,1189908.0
226,404699.0,41140.0,2014.0,1,1,1,4.1,881474.0
249,308899.0,23358.0,2013.0,1,1,1,4.3,1025063.0
310,965599.0,17758.0,2014.0,1,0,1,4.8,1227685.0
250,228399.0,61323.0,2012.0,2,2,1,4.3,1463463.0
321,316699.0,197019.0,2012.0,1,0,1,4.3,1353482.0
250,399495.0,22982.0,2018.0,1,2,1,4.6,1466123.0
125,421699.0,84530.0,2012.0,1,0,1,4.5,792684.0
91,303399.0,20310.0,2015.0,1,1,1,4.2,1084099.0
172,222899.0,68939.0,2014.0,2,1,1,4.0,864791.0
226,306352.0,50484.0,2011.0,1,1,1,4.3,1247159.0
122,423899.0,25443.0,2013.0,1,1,1,4.4,1097213.0
51,267099.0,32298.0,2008.0,1,1,1,4.1,1293284.0
76,1215699.0,16189.0,2018.0,1,1,0,4.9,1479932.0
307,516399.0,14882.0,2018.0,1,1,1,4.9,1382211.0
220,305225.0,44714.0,2012.0,1,1,1,4.3,1253786.0
242,668499.0,83813.0,2016.0,1,0,1,4.4,1193558.0
142,244399.0,71697.0,2011.0,2,1,1,3.9,862536.0
142,200299.0,95298.0,2012.0,1,1,1,4.3,1155145.0
316,294840.0,156503.0,2012.0,2,0,1,4.1,1141289.0
232,478399.0,66584.0,2015.0,1,1,1,4.5,1258584.0
127,444499.0,71879.0,2013.0,2,1,0,4.3,1288476.0
346,376214.0,38905.0,2013.0,1,1,1,4.2,1379896.0
150,376799.0,29122.0,2013.0,1,1,1,4.2,759615.0
174,349199.0,5064.0,2017.0,1,1,1,4.9,1226630.0
226,293619.0,72692.0,2013.0,2,1,1,4.1,1407820.0
187,336099.0,23737.0,2014.0,2,1,1,4.1,1033966.0
12,195399.0,37538.0,2016.0,1,1,1,4.5,1230882.0
238,565599.0,36385.0,2016.0,1,1,1,4.4,922972.0
51,232799.0,134918.0,2009.0,1,1,1,3.8,770235.0
312,210899.0,150651.0,2008.0,2,2,0,4.2,1018497.0
217,335999.0,67560.0,2010.0,2,1,1,4.1,1154749.0
210,481499.0,167408.0,2013.0,1,0,1,4.2,1382124.0
252,399899.0,22900.0,2015.0,1,1,0,4.7,944939.0
217,220099.0,53689.0,2010.0,1,1,1,4.3,1329850.0
231,465999.0,32732.0,2014.0,1,1,0,4.3,1252010.0
257,177409.0,43357.0,2012.0,1,1,1,4.3,1386371.0
232,440099.0,58410.0,2014.0,1,1,1,4.3,1453608.0
226,434599.0,103268.0,2011.0,2,0,1,4.1,1339841.0
266,435499.0,94268.0,2013.0,1,0,1,4.1,792387.0
217,293999.0,76553.0,2013.0,1,0,1,4.3,1134318.0
96,633180.0,23738.0,2015.0,2,1,0,4.4,1443102.0
154,243299.0,118130.0,2012.0,3,0,1,4.2,1093719.0
187,283799.0,73484.0,2015.0,2,0,1,4.4,1451758.0
174,209099.0,85649.0,2011.0,2,1,1,3.9,963781.0
242,828099.0,26212.0,2018.0,1,0,1,4.9,965407.0
144,301599.0,40583.0,2011.0,1,1,1,4.3,804056.0
218,237193.0,95950.0,2010.0,1,1,1,4.1,867382.0
185,683999.0,16491.0,2016.0,1,1,0,5.0,835358.0
20,738399.0,33932.0,2017.0,1,1,0,4.9,1161623.0
226,338699.0,81690.0,2013.0,1,1,1,4.0,804044.0
152,376899.0,31613.0,2012.0,1,1,1,4.3,1299185.0
174,369799.0,19279.0,2017.0,1,1,1,4.5,963102.0
180,497699.0,108048.0,2017.0,1,2,1,4.3,817876.0
150,295999.0,31541.0,2013.0,1,1,1,4.2,1345317.0
151,270999.0,114818.0,2011.0,3,0,1,4.1,1067427.0
71,113799.0,82633.0,2010.0,2,1,1,4.0,1372296.0
38,238899.0,154964.0,2013.0,1,0,1,3.9,1431798.0
172,349499.0,42143.0,2018.0,1,1,1,4.3,1079009.0
230,500899.0,74080.0,2013.0,1,0,1,4.2,1293487.0
187,556099.0,13566.0,2018.0,1,1,1,4.9,1388992.0
124,381199.0,82252.0,2012.0,1,0,1,3.9,1303822.0
230,334499.0,105445.0,2012.0,1,0,1,4.5,955057.0
10,175030.0,75141.0,2014.0,2,1,1,4.3,895379.0
185,674399.0,49342.0,2017.0,2,1,0,4.7,894533.0
51,486416.0,49305.0,2012.0,1,1,1,4.6,1212606.0
328,1091499.0,128749.0,2012.0,1,0,1,4.4,826398.0
320,311199.0,68582.0,2012.0,1,0,1,4.5,864624.0
29,390500.0,95991.0,2016.0,1,0,1,4.5,918699.0
249,376699.0,48347.0,2016.0,1,1,1,4.6,1143449.0
168,722699.0,60070.0,2014.0,1,0,1,4.3,1471026.0
250,329599.0,157328.0,2015.0,1,2,1,4.3,1150227.0
138,269299.0,72917.0,2013.0,1,2,1,4.3,908322.0
228,318999.0,67776.0,2012.0,2,0,1,4.1,1328345.0
53,389099.0,107208.0,2014.0,1,0,1,4.1,1162056.0
172,266799.0,42845.0,2014.0,1,1,1,4.3,1353752.0
277,339100.0,34303.0,2018.0,1,1,1,4.5,1007240.0
226,617699.0,2540.0,2018.0,1,1,1,4.9,1194812.0
136,257499.0,54638.0,2012.0,1,2,1,4.3,1136043.0
43,257099.0,81019.0,2014.0,1,1,1,4.5,1159005.0
140,161199.0,124112.0,2009.0,1,1,1,4.0,1161828.0
226,460899.0,21737.0,2016.0,1,1,1,4.5,1411717.0
124,353499.0,64030.0,2012.0,1,0,1,4.4,929972.0
198,616899.0,90097.0,2016.0,1,0,1,4.5,1000860.0
230,330899.0,127042.0,2012.0,1,0,1,4.5,902190.0
216,484199.0,34363.0,2017.0,1,1,0,4.9,751172.0
310,288299.0,97179.0,2011.0,1,0,1,4.6,1009970.0
172,221299.0,84084.0,2014.0,1,1,1,4.1,1331022.0
244,760699.0,114832.0,2018.0,1,0,1,4.5,1190599.0
186,519799.0,76945.0,2015.0,1,0,1,4.6,1345499.0
39,401699.0,85851.0,2013.0,3,0,1,4.0,1044402.0
70,678908.0,22325.0,2017.0,2,1,1,4.4,1423679.0
228,344698.0,67411.0,2013.0,1,0,1,4.2,1252514.0
139,238499.0,45422.0,2012.0,1,1,1,4.3,1432751.0
157,369099.0,43945.0,2016.0,1,1,1,4.3,780406.0
216,533799.0,22437.0,2017.0,1,1,0,4.4,862255.0
83,446799.0,54008.0,2016.0,1,1,1,4.4,1209408.0
174,335399.0,41493.0,2017.0,1,1,1,4.6,1264092.0
325,538399.0,33185.0,2016.0,1,1,1,4.6,1119065.0
355,308799.0,34203.0,2011.0,1,1,1,4.2,1375731.0
153,271799.0,117093.0,2012.0,1,0,1,4.3,1314507.0
171,268799.0,10260.0,2012.0,1,1,1,4.7,1079990.0
352,391199.0,52751.0,2012.0,2,0,1,4.1,1007847.0
174,336299.0,37328.0,2017.0,1,1,1,4.5,1217314.0
139,339599.0,49942.0,2012.0,1,1,1,4.2,818888.0
178,588999.0,16317.0,2016.0,1,1,1,4.4,851130.0
316,264899.0,156589.0,2011.0,1,1,1,4.2,775675.0
334,1395599.0,64712.0,2017.0,2,0,1,4.6,778882.0
237,354299.0,83301.0,2014.0,1,0,1,4.3,1210998.0
178,666999.0,26704.0,2017.0,1,1,1,4.5,853069.0
352,412899.0,95866.0,2013.0,1,0,1,4.2,896003.0
227,552899.0,44090.0,2012.0,1,0,1,4.3,1167783.0
297,153999.0,44411.0,2011.0,1,0,1,4.2,1228881.0
291,411499.0,120240.0,2012.0,1,0,1,3.9,1168394.0
226,426799.0,99401.0,2013.0,1,0,1,4.1,1070838.0
315,151406.0,110801.0,2007.0,1,1,1,3.9,1025892.0
227,212699.0,158746.0,2010.0,1,2,1,4.0,1152926.0
37,254599.0,98889.0,2013.0,1,0,1,4.2,751471.0
54,345199.0,92309.0,2010.0,3,1,0,4.4,834402.0
230,449699.0,58147.0,2012.0,1,0,1,4.2,1373598.0
172,382227.0,34886.0,2019.0,1,1,1,4.5,792906.0
45,275599.0,64034.0,2013.0,1,1,1,4.3,965593.0
274,249599.0,50243.0,2015.0,1,1,1,4.3,989546.0
167,1152941.0,45848.0,2017.0,1,0,1,4.3,1295986.0
227,563199.0,30011.0,2013.0,1,0,1,4.5,1257566.0
174,208499.0,53535.0,2011.0,1,1,1,4.2,875497.0
311,684399.0,41529.0,2014.0,1,1,1,4.6,952653.0
316,324499.0,76993.0,2011.0,1,0,1,4.2,880489.0
172,285899.0,27886.0,2018.0,1,1,1,5.0,1453049.0
242,706099.0,51514.0,2017.0,1,0,1,4.5,1227105.0
142,394099.0,20239.0,2011.0,1,1,1,4.2,1320947.0
17,451399.0,90501.0,2014.0,2,0,1,4.2,866643.0
254,223499.0,127978.0,2008.0,1,3,1,4.0,1487463.0
172,335499.0,4324.0,2019.0,1,1,1,4.8,1012889.0
237,425299.0,54409.0,2015.0,1,0,1,4.6,1234215.0
241,694799.0,39712.0,2018.0,1,1,0,4.5,1406330.0
6,792499.0,166437.0,2011.0,1,0,0,4.2,1272529.0
207,295599.0,39608.0,2018.0,1,2,1,4.7,1407793.0
352,301799.0,43725.0,2011.0,1,1,1,4.2,888590.0
174,239642.0,81759.0,2012.0,2,1,1,4.1,1238478.0
137,240099.0,44618.0,2010.0,1,1,1,4.2,956338.0
172,277499.0,12210.0,2016.0,1,1,1,4.6,810538.0
166,1023399.0,44187.0,2016.0,1,0,0,4.6,1201980.0
174,212599.0,63678.0,2012.0,1,1,1,4.2,761601.0
150,265599.0,125936.0,2010.0,1,1,1,4.4,1064855.0
25,273999.0,62392.0,2010.0,1,1,1,4.3,964197.0
91,255899.0,28690.0,2015.0,1,1,1,4.6,1445630.0
226,241699.0,81162.0,2011.0,1,0,1,4.4,870892.0
72,753299.0,45457.0,2015.0,1,1,1,4.2,907817.0
174,336265.0,15355.0,2015.0,1,1,1,4.7,839041.0
97,445899.0,10864.0,2015.0,1,1,1,4.4,1049702.0
20,548899.0,76473.0,2014.0,2,1,0,4.4,1109449.0
249,260899.0,41270.0,2012.0,2,1,1,4.3,1029730.0
192,372101.0,19577.0,2016.0,1,1,0,4.8,1396828.0
104,306399.0,126199.0,2014.0,1,0,1,4.3,885338.0
72,857299.0,58647.0,2015.0,1,1,1,4.7,783742.0
171,157899.0,70239.0,2010.0,1,1,1,4.2,1341908.0
124,349499.0,69555.0,2013.0,1,0,1,4.1,767004.0
242,976799.0,4691.0,2019.0,1,0,1,5.0,1377421.0
51,257879.0,71388.0,2008.0,2,1,1,4.1,1490066.0
139,213799.0,130420.0,2012.0,1,2,1,4.1,972071.0
152,434599.0,83304.0,2012.0,1,1,1,4.3,855515.0
245,921299.0,37344.0,2018.0,1,0,0,4.5,1407421.0
226,446999.0,96449.0,2013.0,1,0,1,4.2,974352.0
137,126017.0,105322.0,2009.0,2,1,1,4.1,1329495.0
171,83399.0,123701.0,2008.0,3,1,1,3.4,986046.0
41,565799.0,47332.0,2018.0,1,0,1,4.6,929889.0
230,471999.0,67459.0,2014.0,1,0,1,4.0,1489255.0
320,326399.0,110645.0,2013.0,1,0,1,4.4,1144510.0
138,276499.0,18304.0,2013.0,1,1,1,4.9,1429821.0
144,247399.0,83427.0,2010.0,2,1,1,3.8,1191830.0
250,197576.0,128231.0,2012.0,1,2,1,4.4,1220206.0
232,340499.0,59403.0,2012.0,2,1,1,4.4,808228.0
28,451399.0,26490.0,2017.0,1,1,1,5.0,1036077.0
242,809099.0,27711.0,2017.0,1,0,1,4.7,1043382.0
144,233099.0,59533.0,2009.0,2,1,1,4.2,974692.0
230,469199.0,73926.0,2012.0,1,0,1,4.2,1393087.0
317,396099.0,110780.0,2015.0,1,0,1,4.6,1267337.0
230,332299.0,86747.0,2012.0,1,0,1,4.4,841146.0
103,401499.0,28971.0,2015.0,1,1,1,4.5,1169134.0
35,464679.0,19568.0,2016.0,2,1,1,4.5,807602.0
250,392599.0,73290.0,2016.0,1,2,1,4.6,1151750.0
53,1007106.0,10750.0,2019.0,1,1,1,4.9,1387580.0
226,256599.0,194924.0,2009.0,2,0,1,4.0,1497466.0
250,245599.0,101082.0,2013.0,1,2,1,4.2,1177773.0
226,506399.0,32490.0,2014.0,1,1,1,4.5,786025.0
249,453099.0,3814.0,2018.0,1,1,1,4.8,956937.0
101,461199.0,10968.0,2017.0,1,1,1,4.8,1099753.0
103,438999.0,15085.0,2016.0,1,1,1,4.0,1424602.0
174,343899.0,36929.0,2017.0,2,1,1,4.7,1139942.0
111,259199.0,69727.0,2011.0,2,1,1,4.0,1239103.0
103,455699.0,6049.0,2016.0,1,1,1,4.8,1378064.0
346,331599.0,53505.0,2013.0,2,1,1,4.1,947720.0
242,820199.0,33070.0,2018.0,1,0,1,4.7,1242695.0
229,236599.0,80333.0,2011.0,1,1,1,4.2,1277187.0
59,103199.0,80231.0,2006.0,2,1,1,3.0,838728.0
217,288799.0,125525.0,2013.0,1,0,1,4.2,1330221.0
164,541799.0,41038.0,2014.0,1,0,1,4.1,853574.0
250,395511.0,28608.0,2017.0,1,2,1,4.5,951742.0
14,260199.0,147730.0,2012.0,1,0,1,4.1,1472648.0
38,239399.0,172802.0,2013.0,1,0,1,4.0,878456.0
88,242899.0,77484.0,2011.0,1,1,1,4.0,905677.0
226,434899.0,71157.0,2015.0,1,1,1,4.3,1252347.0
193,519799.0,69308.0,2014.0,1,1,1,4.2,1463722.0
257,121199.0,63798.0,2009.0,1,1,1,4.2,1346108.0
236,420499.0,46237.0,2016.0,2,2,1,4.7,826017.0
81,521699.0,93960.0,2015.0,1,0,1,4.2,927384.0
174,189969.0,98722.0,2013.0,1,1,1,4.3,874618.0
81,548999.0,75255.0,2015.0,1,0,1,4.5,826915.0
167,412999.0,124398.0,2012.0,3,0,1,4.0,855686.0
24,189199.0,46292.0,2011.0,2,1,1,4.0,1292138.0
230,311500.0,48390.0,2012.0,1,0,1,4.3,1199949.0
316,269099.0,110868.0,2011.0,1,2,1,4.3,1020486.0
183,451199.0,59690.0,2017.0,1,1,1,4.4,833932.0
125,501899.0,57243.0,2013.0,1,0,1,4.4,1457113.0
66,619199.0,34345.0,2016.0,1,1,0,4.5,1201431.0
55,241099.0,53059.0,2009.0,2,1,1,3.8,1168547.0
125,430399.0,107240.0,2012.0,1,0,1,4.3,1096113.0
174,345399.0,9108.0,2018.0,1,1,1,4.9,1255169.0
172,301499.0,19748.0,2018.0,1,1,1,4.9,1115472.0
197,595199.0,59054.0,2016.0,1,0,1,4.5,1222480.0
237,424199.0,27735.0,2015.0,1,0,1,4.7,1224380.0
301,158199.0,33476.0,2015.0,1,1,0,4.4,780274.0
232,456099.0,43160.0,2015.0,3,1,1,4.4,974075.0
355,263799.0,42013.0,2010.0,1,1,1,3.9,917945.0
249,229599.0,29699.0,2010.0,1,1,1,4.3,944076.0
260,138199.0,65120.0,2010.0,2,1,1,4.3,982103.0
174,175599.0,41190.0,2010.0,1,1,1,4.2,1134859.0
201,602799.0,12177.0,2017.0,1,1,1,4.8,955398.0
101,375699.0,27492.0,2014.0,1,1,1,4.6,1339701.0
136,231699.0,56807.0,2013.0,2,1,1,3.9,889198.0
125,453300.0,71426.0,2013.0,1,0,1,4.2,766347.0
142,318599.0,68764.0,2011.0,2,1,1,4.2,1406952.0
45,311299.0,45701.0,2014.0,1,1,1,4.4,1093486.0
164,874899.0,10003.0,2019.0,1,0,1,4.8,1141092.0
331,509899.0,131152.0,2011.0,1,0,1,4.5,1130312.0
276,301999.0,18463.0,2017.0,1,1,1,4.8,1154962.0
51,286499.0,71447.0,2009.0,1,2,1,4.2,1243535.0
266,358999.0,163575.0,2013.0,2,0,1,4.1,1223494.0
81,427500.0,97454.0,2014.0,1,0,1,4.2,819897.0
229,224199.0,72329.0,2011.0,1,1,1,4.0,850625.0
22,1001799.0,4400.0,2019.0,1,1,1,5.0,1051387.0
224,195599.0,75099.0,2010.0,2,1,1,4.2,1161893.0
249,409699.0,45170.0,2016.0,1,1,1,4.1,1471754.0
148,212699.0,66476.0,2010.0,1,1,1,4.0,1057518.0
301,185699.0,27827.0,2015.0,2,1,0,4.3,859981.0
249,281099.0,51339.0,2012.0,1,1,1,4.3,760471.0
248,266299.0,43468.0,2009.0,2,1,1,4.0,841826.0
136,187407.0,90962.0,2010.0,1,2,1,4.0,1441692.0
152,308599.0,71622.0,2012.0,2,1,1,4.2,1232882.0
137,274199.0,40517.0,2009.0,1,1,1,4.1,1301294.0
226,364799.0,79019.0,2013.0,1,0,1,4.2,925318.0
188,425699.0,23893.0,2016.0,1,1,0,4.4,1045703.0
188,355899.0,11192.0,2014.0,2,1,0,4.9,1350672.0
103,403594.0,50746.0,2017.0,1,1,1,4.5,1441637.0
249,353699.0,27767.0,2015.0,1,1,1,4.5,1480397.0
249,342299.0,33829.0,2011.0,1,1,1,4.4,1220296.0
64,244899.0,62664.0,2011.0,3,1,1,4.3,1120960.0
153,414299.0,81363.0,2013.0,2,0,1,3.9,1045897.0
55,424399.0,48146.0,2012.0,1,1,1,4.3,1146749.0
184,523699.0,19726.0,2015.0,1,1,1,4.8,1057709.0
207,312899.0,100534.0,2017.0,1,2,1,4.4,1302293.0
226,597799.0,50244.0,2018.0,1,1,1,4.5,938317.0
211,746299.0,79746.0,2015.0,1,0,1,3.9,1210266.0
140,352699.0,35925.0,2009.0,1,1,1,4.3,794616.0
211,370399.0,171976.0,2012.0,1,0,1,4.3,983374.0
152,292921.0,41952.0,2011.0,1,1,1,4.3,1167739.0
174,258899.0,40798.0,2014.0,1,1,1,4.6,1110290.0
307,472599.0,37363.0,2017.0,1,1,1,4.6,1485395.0
346,372699.0,63934.0,2013.0,1,0,1,4.2,854359.0
226,403099.0,54695.0,2014.0,2,1,1,4.4,1313783.0
140,242899.0,97694.0,2009.0,3,1,1,3.8,1066386.0
316,303899.0,130929.0,2012.0,1,0,1,4.3,857137.0
174,147299.0,63663.0,2011.0,1,1,1,4.2,1044864.0
207,396599.0,21297.0,2019.0,1,2,1,4.8,1274240.0
235,225999.0,104867.0,2010.0,2,0,1,4.0,816260.0
217,253299.0,69662.0,2014.0,1,0,1,4.3,1016738.0
85,643499.0,65667.0,2018.0,1,0,1,4.5,1238803.0
183,574925.0,20433.0,2018.0,1,1,1,4.5,759473.0
169,213299.0,40253.0,2008.0,1,1,1,4.2,1014035.0
174,166099.0,80916.0,2013.0,2,1,1,4.3,896750.0
180,527699.0,14828.0,2015.0,1,1,1,4.7,1010906.0
174,174299.0,102508.0,2012.0,2,1,1,4.0,1141087.0
73,1145699.0,78027.0,2018.0,2,0,0,4.5,1191911.0
124,582699.0,53901.0,2014.0,1,1,1,4.2,839932.0
20,681799.0,10009.0,2016.0,1,1,0,4.4,976857.0
237,499199.0,33360.0,2017.0,1,0,1,4.5,995370.0
144,211199.0,82508.0,2009.0,2,1,1,4.2,969925.0
330,534899.0,78059.0,2012.0,1,0,1,4.5,894020.0
143,332699.0,67856.0,2013.0,2,1,0,4.4,1298090.0
226,365699.0,104448.0,2014.0,1,2,1,4.1,1181927.0
249,180499.0,51116.0,2010.0,1,1,1,4.2,921377.0
139,231299.0,58188.0,2011.0,1,1,1,4.8,1368209.0
209,360599.0,54919.0,2016.0,1,1,1,4.3,1469915.0
86,520399.0,52042.0,2017.0,1,0,1,4.7,1199221.0
339,571991.0,72980.0,2013.0,1,0,1,4.2,750989.0
64,405499.0,50556.0,2011.0,1,1,1,4.1,875582.0
172,339799.0,20321.0,2019.0,1,1,1,4.6,1481572.0
152,373199.0,49947.0,2013.0,2,1,1,4.4,936135.0
263,229899.0,63798.0,2012.0,1,0,1,4.0,1070318.0
124,428199.0,69753.0,2012.0,1,0,1,4.3,935531.0
171,155599.0,81798.0,2010.0,1,2,1,4.2,1455757.0
171,159299.0,63454.0,2009.0,1,1,1,4.3,1349627.0
192,525699.0,30000.0,2017.0,1,1,0,4.6,931527.0
250,201199.0,100662.0,2011.0,2,2,1,4.3,1099861.0
309,241899.0,83273.0,2009.0,2,2,1,4.2,954685.0
214,472499.0,9550.0,2017.0,1,1,1,4.8,1454689.0
244,590999.0,68638.0,2016.0,1,0,1,4.4,1437705.0
249,385999.0,45263.0,2015.0,2,1,1,4.4,1085972.0
226,324099.0,100335.0,2012.0,2,1,1,4.3,1160726.0
89,212299.0,28016.0,2011.0,1,1,1,3.2,1154872.0
16,378899.0,87947.0,2013.0,1,0,1,4.2,883402.0
174,304299.0,33639.0,2015.0,1,1,1,4.1,500000.0
